RAO,1,2,3,4,5,6,7,8,9,10,11,12,13,14,15,16,total_request
0,0,0,0,0,0,0,0,0,0,0,0,0,0,0,0,0,0
1,0,0,0,0,0,0,0,0,0,0,0,0,0,1,0,0,1
2,0,0,0,0,0,0,0,0,0,0,0,0,0,0,0,0,0
3,0,0,0,0,0,0,0,0,0,0,0,0,0,0,0,0,0
4,0,0,0,0,0,0,0,0,0,0,0,0,0,0,0,0,0
5,0,0,0,0,0,0,0,0,0,0,0,0,0,0,0,0,0
6,0,0,0,0,0,0,0,0,0,0,0,0,0,0,0,0,0
7,0,0,0,0,0,0,0,0,0,0,0,0,0,0,0,0,0
8,0,0,0,0,0,0,0,0,0,0,0,0,0,0,0,0,0
9,0,0,0,0,0,0,0,0,0,0,0,0,0,0,0,0,0
10,0,0,0,0,0,0,0,0,0,0,0,0,0,0,0,0,0
11,0,0,0,0,0,0,0,0,0,0,0,0,0,0,0,0,0
12,0,0,0,0,0,1,0,0,0,0,0,0,0,0,0,0,1
13,0,0,0,0,0,0,0,0,0,0,0,0,0,0,0,0,0
14,0,0,0,0,0,0,0,0,0,0,0,0,0,0,0,0,0
15,0,0,0,0,0,0,0,0,1,0,0,0,0,0,0,0,1
16,0,0,0,0,0,1,0,0,0,0,0,0,0,0,0,0,1
17,0,0,0,0,0,0,0,0,0,0,0,0,0,0,0,0,0
18,0,0,0,0,0,0,0,0,0,0,0,0,0,0,0,0,0
19,0,0,0,0,0,0,0,0,1,0,0,0,0,0,0,0,1
20,0,0,0,0,0,0,0,1,0,0,0,0,0,0,0,0,1
21,0,0,0,0,0,0,0,0,0,0,0,0,0,0,0,0,0
22,0,0,0,0,0,0,0,0,0,0,0,0,0,0,0,0,0
23,0,0,0,0,0,0,0,0,0,0,0,0,0,1,0,0,1
24,0,0,0,0,0,0,0,1,0,0,0,0,0,0,0,0,1
25,0,0,0,0,0,0,0,0,0,0,0,0,0,0,0,0,0
26,0,0,1,0,0,0,0,0,1,0,0,0,1,0,0,0,3
27,0,0,0,0,0,0,0,0,0,0,0,0,0,1,1,0,2
28,0,0,0,0,0,0,0,0,0,0,0,0,1,0,0,1,2
29,0,0,0,0,0,0,0,0,0,0,0,0,0,0,0,0,0
30,0,0,0,1,0,0,1,0,0,0,0,0,0,0,0,0,2
31,0,0,0,2,1,0,0,0,1,0,0,0,0,0,0,0,4
32,0,1,0,0,0,0,0,0,0,0,0,0,1,0,0,1,3
33,0,1,0,1,0,0,0,0,0,0,0,0,1,1,0,0,4
34,1,0,0,1,0,0,1,0,0,0,1,0,1,0,0,0,5
35,2,1,0,2,1,0,0,0,1,0,0,0,0,0,0,0,7
36,0,0,1,0,0,0,0,0,0,0,0,1,0,0,0,0,2
37,0,0,0,0,0,0,1,0,0,0,0,1,0,0,0,0,2
38,0,0,0,0,0,0,0,0,0,0,1,0,0,0,0,1,2
39,0,0,1,0,0,0,0,0,0,0,1,0,0,0,0,0,2
40,0,0,1,2,0,1,1,0,0,0,0,2,0,0,0,0,7
41,0,0,1,0,0,1,1,0,0,0,0,1,0,0,1,0,5
42,0,0,0,0,0,0,0,0,0,0,2,1,0,0,0,1,4
43,1,0,1,0,0,1,0,1,0,0,1,0,0,0,0,0,5
44,0,0,2,0,0,0,0,0,0,0,0,0,1,1,0,0,4
45,0,0,0,0,0,1,0,0,2,1,0,0,0,0,0,1,5
46,0,0,1,0,0,0,0,1,0,0,0,0,0,0,1,0,3
47,0,0,0,0,1,1,0,0,0,0,0,0,0,0,1,0,3
48,0,1,2,0,0,1,0,0,1,0,0,0,1,1,0,0,7
49,0,1,0,0,2,1,0,0,2,1,1,0,1,0,0,2,11
50,0,0,1,1,0,1,2,1,0,0,0,0,1,0,1,0,8
51,0,0,1,0,1,1,1,1,0,0,1,0,0,1,1,1,9
52,1,0,2,0,0,0,1,0,0,0,0,0,1,1,0,0,6
53,0,0,0,0,1,0,2,0,0,0,0,1,1,0,0,0,5
54,0,0,0,0,0,0,2,0,0,0,0,0,0,0,0,1,3
55,0,0,0,0,1,1,0,1,0,0,0,0,0,0,0,1,4
56,1,0,2,0,0,0,1,0,0,0,0,1,1,1,1,1,9
57,1,0,0,0,1,0,3,0,0,2,1,3,1,1,0,0,13
58,0,0,0,0,0,2,3,0,1,0,0,0,0,0,0,1,7
59,0,1,0,0,1,1,0,1,0,0,0,0,1,0,0,1,6
60,0,1,0,1,1,0,0,0,1,1,0,0,0,0,1,0,6
61,0,1,0,0,0,0,0,0,0,0,0,0,0,1,0,0,2
62,0,0,0,0,0,1,0,0,0,0,1,0,0,0,0,0,2
63,0,0,0,0,0,1,2,0,1,0,0,1,0,2,1,0,8
64,0,4,1,2,1,0,0,0,1,1,0,0,0,0,1,0,11
65,1,1,0,2,2,0,0,0,0,0,1,0,0,1,0,0,8
66,0,1,1,0,0,1,1,0,0,1,2,0,0,1,0,0,8
67,0,0,0,0,0,1,2,1,1,0,0,1,0,2,2,1,11
68,0,0,0,0,1,2,2,0,1,0,2,1,2,1,0,0,12
69,0,1,1,0,0,0,0,0,1,0,2,0,1,0,1,1,8
70,0,2,0,1,0,1,1,1,0,0,0,2,0,0,0,0,8
71,0,3,1,0,1,1,1,0,0,2,0,0,0,0,0,0,9
72,0,1,0,0,3,2,3,0,1,1,2,1,2,1,1,1,19
73,1,1,1,0,0,0,1,0,2,0,2,0,1,2,2,1,14
74,0,4,0,2,1,2,3,3,0,1,0,2,0,2,0,2,22
75,1,3,1,1,2,1,1,0,0,3,0,0,1,1,0,0,15
76,0,0,0,2,1,0,0,1,1,0,0,1,0,1,0,0,7
77,1,1,1,3,0,0,0,0,1,1,1,1,0,1,1,0,12
78,0,0,1,1,1,0,2,0,0,1,1,1,2,1,0,0,11
79,0,2,0,0,1,0,0,1,1,0,1,4,0,0,0,0,10
80,2,2,0,3,1,0,2,2,1,0,1,1,1,1,2,0,19
81,2,1,2,4,0,0,0,3,2,1,2,1,0,2,1,1,22
82,1,1,4,3,2,2,4,2,3,4,3,2,4,3,1,2,41
83,0,2,0,1,1,1,1,2,1,1,1,5,0,2,1,0,19
84,2,0,0,1,2,0,0,0,2,0,0,2,0,1,0,1,11
85,1,0,1,1,0,2,0,1,0,1,0,0,0,0,1,0,8
86,1,1,1,1,1,0,0,2,0,1,0,1,0,0,1,1,11
87,0,1,0,0,2,2,1,0,1,0,0,0,0,1,0,1,9
88,2,0,1,2,3,2,0,1,2,0,0,3,1,1,1,1,20
89,1,0,2,1,0,3,1,1,0,2,0,0,0,1,1,1,14
90,5,4,2,3,5,1,2,3,1,2,1,3,3,2,1,3,41
91,1,2,2,1,3,4,3,3,3,3,1,1,0,2,1,2,32
92,1,1,1,0,1,0,0,1,1,0,2,0,1,1,1,1,12
93,0,0,0,1,0,1,1,0,3,0,1,1,1,1,0,0,10
94,0,0,1,0,0,0,1,1,1,1,2,1,3,1,3,2,17
95,0,0,1,0,1,0,0,0,0,0,0,1,3,0,0,1,7
96,2,1,1,0,2,1,1,1,1,0,4,3,1,2,1,1,22
97,1,1,0,1,0,3,1,1,4,2,2,2,1,1,2,1,23
98,0,2,3,1,2,2,2,1,3,2,2,4,7,4,5,5,45
99,0,2,1,4,2,1,1,2,1,0,1,4,3,1,2,2,27
100,0,2,0,2,0,0,0,0,1,1,1,0,1,1,0,0,9
101,0,0,3,0,2,0,0,1,0,0,1,1,1,2,1,1,13
102,0,0,3,0,0,1,1,2,2,0,0,0,0,1,0,0,10
103,1,4,0,0,0,0,2,1,1,1,0,3,2,0,1,0,16
104,1,4,1,3,1,0,3,0,3,2,2,3,2,1,0,1,27
105,1,0,4,1,2,0,1,4,4,1,2,1,1,3,2,1,28
106,3,3,4,3,0,5,5,4,2,1,1,3,2,2,2,4,44
107,2,7,1,0,1,2,2,1,3,4,0,5,2,3,4,3,40
108,2,0,5,1,3,2,2,0,0,0,2,1,1,2,0,0,21
109,2,1,2,2,0,1,0,1,2,0,0,1,1,1,1,0,15
110,0,0,0,0,1,2,1,0,1,3,0,1,1,1,1,0,12
111,2,1,1,1,1,3,3,2,1,1,0,0,1,1,1,3,22
112,4,2,6,2,3,3,2,3,2,0,2,1,3,4,3,0,40
113,4,2,3,4,2,2,1,5,5,3,1,2,3,3,1,1,42
114,3,1,1,3,4,3,2,2,3,4,2,3,1,4,2,4,42
115,6,2,4,4,3,4,4,4,3,2,2,3,3,2,3,5,54
116,4,1,0,1,1,1,2,0,2,0,1,3,0,0,2,3,21
117,1,1,3,0,1,1,0,1,4,2,0,1,1,1,1,0,18
118,0,1,0,1,0,1,0,0,1,0,2,2,0,2,2,0,12
119,1,1,1,2,0,0,1,1,1,1,1,2,1,1,2,1,17
120,5,2,1,3,1,2,3,0,3,0,2,4,3,2,4,4,39
121,3,3,4,2,1,2,3,1,8,2,2,1,1,1,2,1,37
122,3,4,2,5,2,6,4,4,4,2,3,3,0,4,3,0,49
123,2,4,3,4,3,2,3,3,1,6,5,5,3,4,6,4,58
124,4,1,2,0,4,1,2,3,3,3,1,4,2,4,3,1,38
125,0,2,1,0,2,1,0,2,1,4,0,2,1,1,3,1,21
126,0,1,0,3,0,1,0,3,1,0,0,0,0,2,0,3,14
127,0,0,2,2,0,2,0,0,0,0,2,1,2,0,1,3,15
128,5,3,3,1,4,2,2,3,4,3,2,5,3,6,5,5,56
129,2,6,2,0,3,2,1,4,2,4,3,3,1,6,3,2,44
130,2,4,3,5,2,5,3,3,2,5,2,4,2,4,3,8,57
131,4,1,3,3,5,5,3,1,1,3,6,6,3,1,4,3,52
132,0,2,1,1,2,2,3,1,3,1,3,4,2,1,2,5,33
133,1,0,3,4,3,2,1,1,3,1,1,1,2,0,2,1,26
134,0,0,1,1,1,1,2,1,3,2,2,2,2,1,1,2,22
135,1,4,0,2,2,2,1,2,1,1,1,1,2,0,1,0,21
136,0,3,4,1,5,5,5,1,5,3,7,5,3,3,3,7,60
137,1,1,3,5,5,2,1,2,5,2,1,3,2,0,3,3,39
138,4,3,4,3,2,4,7,3,5,3,4,6,4,5,4,5,66
139,3,7,3,5,4,4,3,4,4,6,5,3,2,2,4,2,61
140,4,3,1,3,1,1,5,1,2,3,5,3,3,1,1,4,41
141,0,5,4,0,1,2,2,0,0,1,0,2,0,2,1,0,20
142,4,4,1,0,0,4,0,1,2,0,4,0,2,3,2,1,28
143,1,2,0,0,1,0,0,0,0,1,0,1,0,3,1,1,11
144,5,4,2,7,5,3,8,2,2,5,6,8,3,4,2,5,71
145,3,6,6,1,5,3,3,2,2,4,2,5,2,4,2,3,53
146,7,6,1,4,5,7,1,4,6,3,5,3,5,5,6,2,70
147,6,7,4,5,2,2,3,3,6,4,4,4,4,7,4,3,68
148,3,0,2,2,0,3,1,2,1,2,2,4,5,2,3,2,34
149,0,3,3,0,2,2,2,1,2,1,1,3,1,2,3,4,30
150,1,2,0,1,0,1,2,1,2,2,2,2,1,1,2,2,22
151,3,1,1,3,2,1,2,2,2,2,1,1,0,0,1,0,22
152,7,1,2,3,0,4,4,2,2,3,5,5,9,3,9,5,64
153,2,6,5,1,3,5,2,3,5,6,1,3,2,4,5,6,59
154,3,7,4,3,3,3,4,3,4,4,3,3,4,4,2,5,59
155,5,2,3,5,4,2,4,5,3,6,4,3,4,3,2,4,59
156,2,3,6,5,3,2,0,2,2,1,4,1,4,1,3,3,42
157,0,2,5,4,4,1,1,2,3,4,2,3,6,3,2,5,47
158,3,4,7,3,2,2,1,2,2,1,0,2,1,2,1,0,33
159,3,1,1,2,0,3,3,1,1,1,2,0,0,2,1,3,24
160,3,6,13,7,5,3,4,3,4,1,5,1,5,2,3,4,69
161,2,2,8,6,6,3,2,3,4,5,3,4,7,5,4,9,73
162,5,9,11,8,8,7,5,4,2,5,3,5,3,4,5,4,88
163,10,5,5,4,5,6,6,6,2,3,4,4,4,5,6,5,80
164,4,1,3,3,4,2,5,1,4,4,4,4,1,4,4,4,52
165,2,3,1,1,5,3,3,8,5,3,1,2,3,4,3,2,49
166,2,1,10,1,1,1,1,1,2,1,1,1,0,2,4,3,32
167,2,4,10,4,1,1,3,1,2,4,0,1,3,2,1,2,41
168,8,5,6,5,4,4,8,2,6,7,6,7,4,4,6,7,89
169,6,5,1,4,6,4,4,9,7,6,2,3,5,5,5,5,77
170,6,2,12,5,2,2,5,7,4,6,1,3,3,3,11,5,77
171,2,10,15,9,4,4,6,4,5,8,3,4,6,6,9,6,101
172,5,4,1,2,5,0,7,4,3,6,4,0,1,2,1,3,48
173,5,2,2,3,1,3,3,5,4,2,6,4,7,3,4,0,54
174,0,3,5,4,2,5,4,4,2,0,4,4,2,3,5,4,51
175,1,1,10,2,2,2,2,4,4,4,2,3,0,3,8,2,50
176,8,5,2,3,5,0,8,6,7,10,5,2,4,6,3,6,80
177,11,6,2,3,3,5,5,5,6,3,7,5,9,4,4,1,79
178,1,12,6,7,7,6,10,8,5,4,6,4,2,5,7,9,99
179,4,6,11,7,7,5,6,7,8,10,5,5,6,5,11,5,108
180,2,3,2,5,4,2,3,2,2,4,6,5,3,5,4,2,54
181,2,1,5,5,4,5,5,2,4,3,3,1,3,5,3,4,55
182,5,2,3,3,5,3,3,6,2,4,4,2,6,5,2,3,58
183,1,7,4,0,3,4,8,6,6,5,1,4,5,5,2,4,65
184,4,6,5,6,5,2,3,7,4,5,8,8,5,6,6,3,83
185,4,4,7,5,5,8,5,3,5,4,4,2,4,7,5,4,76
186,6,7,8,5,10,5,4,9,4,8,8,3,8,8,7,8,108
187,4,9,6,5,7,10,12,8,9,7,5,7,8,7,6,6,116
188,1,2,0,1,4,2,2,5,5,3,3,3,5,4,6,3,49
189,4,3,3,5,6,4,2,2,5,2,2,3,6,1,5,4,57
190,3,4,6,4,1,4,3,3,6,2,4,4,6,4,2,1,57
191,2,4,5,2,4,3,2,8,3,2,5,3,4,7,4,4,62
192,5,5,4,3,7,5,4,10,7,6,7,7,9,6,7,9,101
193,7,3,5,11,8,5,4,3,7,3,8,5,8,3,11,9,100
194,5,4,11,7,7,5,6,6,7,4,8,8,9,7,5,7,106
195,6,7,9,3,9,7,4,12,6,6,7,10,7,12,7,6,118
196,2,6,1,0,3,4,5,3,7,5,1,0,5,5,3,2,52
197,3,1,4,4,6,1,6,3,2,6,4,5,5,5,4,4,63
198,4,2,2,6,2,3,1,2,5,4,3,4,8,2,2,3,53
199,5,5,8,4,8,5,5,14,7,2,10,10,12,7,9,10,121
200,4,8,4,1,4,7,5,8,11,8,6,4,8,7,7,9,101
201,5,3,5,5,6,7,11,6,4,8,6,10,9,9,7,5,106
202,6,5,5,10,5,5,5,7,8,6,6,6,13,8,7,6,108
203,10,10,12,9,10,7,9,17,10,4,13,13,14,11,10,13,172
204,3,3,7,4,5,3,5,4,4,3,2,2,4,1,4,5,59
205,2,8,1,3,5,5,0,1,4,5,1,3,5,3,2,2,50
206,3,3,3,5,4,2,8,3,5,1,4,4,9,2,6,3,65
207,5,7,5,5,3,4,9,19,11,4,9,14,19,12,11,12,149
208,5,7,8,9,9,5,7,5,9,4,8,6,7,6,7,6,108
209,5,9,5,6,6,6,4,4,5,8,2,9,9,7,5,4,94
210,9,6,4,11,8,6,10,6,8,3,6,5,13,5,17,4,121
211,8,11,10,9,5,6,13,24,15,6,10,20,20,12,14,17,200
212,2,5,3,4,5,2,3,2,1,1,2,3,2,2,4,8,49
213,5,2,6,6,5,5,3,2,5,4,4,6,4,4,7,4,72
214,5,5,3,6,5,3,1,1,3,6,2,2,6,6,12,6,72
215,5,12,8,14,11,2,15,15,16,6,5,20,23,7,18,10,187
216,3,9,7,10,9,6,7,8,4,5,9,8,2,5,5,11,108
217,10,5,8,11,8,10,5,6,8,9,6,8,7,6,10,5,122
218,8,9,5,9,8,7,2,4,6,9,7,5,13,11,15,8,126
219,11,12,12,15,16,7,17,20,19,13,7,26,26,12,21,14,248
220,4,3,2,4,6,5,2,3,4,3,3,1,6,8,2,5,61
221,3,6,3,4,1,2,4,2,5,2,2,5,7,5,3,2,56
222,4,7,4,11,6,5,4,3,4,5,2,3,3,0,7,4,72
223,10,17,12,19,23,11,11,18,15,15,10,28,27,16,23,18,273
224,7,6,5,6,12,11,2,8,10,5,5,3,10,11,6,10,117
225,7,11,4,7,4,7,7,3,9,8,5,9,12,10,5,4,112
226,7,11,10,13,8,11,6,5,8,9,5,7,10,3,13,8,134
227,11,27,15,21,27,13,17,26,18,18,15,33,32,23,25,19,340
228,5,4,5,4,5,5,2,4,2,4,4,3,0,5,3,5,60
229,6,7,6,2,2,3,1,2,6,3,5,5,4,3,6,3,64
230,4,8,7,7,6,7,2,7,6,2,5,6,10,7,3,7,94
231,10,32,12,25,31,17,12,26,21,21,13,30,35,26,28,21,360
232,9,7,7,8,8,10,5,11,4,9,8,7,4,9,6,8,120
233,12,13,10,8,6,11,4,5,10,7,10,6,11,5,8,7,133
234,10,13,10,13,11,10,7,9,6,6,7,9,13,9,9,10,152
235,15,33,17,28,33,23,14,31,26,24,16,34,41,31,33,27,426
236,5,6,5,3,5,0,2,2,5,5,4,7,2,4,3,3,61
237,2,4,7,2,3,5,5,1,4,3,4,5,6,4,2,4,61
238,10,15,4,9,5,12,1,4,5,5,7,2,9,1,6,5,100
239,20,35,22,35,36,27,7,36,25,25,18,37,42,37,40,30,472
240,6,10,10,8,7,1,8,5,6,11,10,11,4,12,5,10,124
241,6,5,10,7,7,11,10,3,8,7,7,8,12,6,5,10,122
242,15,20,9,13,8,16,2,6,12,7,11,6,13,7,7,9,161
243,26,41,26,40,39,31,10,43,29,31,24,42,47,39,43,35,546
244,4,5,5,4,6,4,2,4,7,6,4,2,5,2,2,5,67
245,3,6,7,12,2,4,8,4,3,2,4,4,2,5,4,5,75
246,6,16,7,6,1,9,3,2,4,2,8,7,11,5,5,9,101
247,29,44,29,43,40,34,10,35,34,33,27,46,53,43,41,40,581
248,9,10,6,11,10,7,4,10,11,13,7,4,9,3,7,7,128
249,10,12,10,19,6,11,10,8,6,7,5,9,8,7,11,7,146
250,8,18,12,8,4,15,8,5,12,7,11,15,14,6,8,13,164
251,37,48,35,49,42,34,16,39,38,36,31,50,58,49,45,45,652
252,1,5,4,5,10,6,6,3,3,7,4,3,3,2,4,1,67
253,5,4,8,11,3,3,3,4,5,3,6,0,2,4,2,6,69
254,7,17,10,14,1,14,2,8,10,9,1,10,13,10,6,9,141
255,44,51,40,54,40,36,18,41,43,40,32,55,61,47,50,46,698
256,2,8,10,9,14,9,10,6,8,11,9,9,8,8,7,5,133
257,10,7,14,16,6,8,9,7,6,5,8,5,5,8,6,13,133
258,10,18,14,20,4,20,4,13,11,14,6,14,19,14,11,16,208
259,48,56,44,57,43,44,20,48,44,47,34,62,66,50,52,52,767
260,5,7,3,5,7,4,0,3,4,5,1,3,4,4,5,2,62
261,5,4,3,3,3,1,4,4,1,5,5,3,9,10,6,4,70
262,4,12,19,26,3,17,4,5,3,9,6,8,14,11,3,14,158
263,51,59,48,61,45,46,21,55,45,50,39,64,71,52,58,58,823
264,8,13,5,10,10,8,5,7,10,14,6,5,8,9,9,4,131
265,11,10,6,4,7,5,9,8,4,11,11,6,12,15,10,11,140
266,5,14,26,33,8,19,10,10,6,10,11,15,17,16,7,19,226
267,59,60,52,65,48,50,25,59,49,56,43,69,75,52,63,66,891
268,1,3,3,4,3,3,2,4,3,2,6,5,6,4,1,7,57
269,7,6,5,3,6,5,5,3,5,3,2,4,4,4,8,5,75
270,4,18,17,28,5,12,3,6,2,16,6,6,18,20,8,18,187
271,60,63,54,72,51,53,30,64,53,58,48,75,80,60,65,67,953
272,3,6,7,7,5,10,8,7,8,8,9,8,11,11,6,11,125
273,9,10,10,5,15,7,7,8,8,4,4,8,11,7,11,8,132
274,6,23,24,36,11,17,8,13,7,19,9,9,22,25,11,22,262
275,62,63,61,78,54,58,32,67,56,64,54,79,84,67,69,73,1021
276,6,4,6,5,2,5,6,6,5,4,4,2,7,2,7,5,76
277,5,9,6,6,5,4,3,3,2,4,2,5,4,5,7,2,72
278,4,22,21,27,8,15,3,8,4,9,2,5,21,24,9,22,204
279,58,68,64,81,60,64,35,69,57,68,55,82,88,73,72,74,1068
280,9,10,11,9,5,7,11,11,7,13,7,7,12,10,9,8,146
281,9,15,8,8,9,11,6,7,5,12,5,8,10,9,11,8,141
282,9,26,23,31,11,18,6,12,9,13,10,9,24,27,14,25,267
283,60,71,68,82,64,66,38,71,64,74,56,86,91,78,76,80,1125
284,6,3,6,0,4,7,4,5,3,5,7,5,4,4,5,2,70
285,5,6,10,5,6,3,4,2,2,8,7,5,3,10,3,3,82
286,5,27,21,30,6,18,7,12,2,22,3,3,28,28,14,21,247
287,66,76,73,85,66,77,47,80,60,75,57,91,94,81,80,85,1193
288,13,9,12,1,7,9,10,11,6,11,15,8,8,8,6,9,143
289,10,11,13,8,10,6,12,7,5,17,9,10,7,18,8,9,160
290,9,33,26,32,8,20,8,14,9,25,10,10,32,31,17,27,311
291,70,84,76,88,72,80,51,84,68,76,64,94,98,86,84,87,1262
292,5,7,5,2,9,8,5,5,9,3,4,6,3,5,6,4,86
293,9,7,2,3,7,3,6,7,6,10,4,3,7,9,4,6,93
294,14,32,30,23,5,13,9,11,4,31,13,10,29,37,11,28,300
295,75,88,81,90,78,85,59,87,70,80,67,99,103,89,86,91,1328
296,13,14,9,4,14,11,14,10,15,6,8,11,8,6,12,8,163
297,12,11,7,7,14,7,10,13,10,15,9,8,11,13,9,10,166
298,19,38,37,25,17,18,14,16,9,37,15,14,34,41,16,34,384
299,84,91,88,93,83,90,61,90,74,83,69,100,107,92,85,98,1388
300,5,5,10,3,3,4,3,3,3,8,4,2,3,3,5,5,69
301,10,6,3,5,6,4,5,8,5,3,1,5,4,4,5,7,81
302,23,46,33,16,23,15,22,18,19,36,10,13,33,40,21,32,400
303,86,93,96,96,85,94,64,94,83,85,72,106,109,97,88,104,1452
304,12,8,16,5,9,11,5,3,6,11,10,8,9,9,13,12,147
305,14,13,11,8,11,9,8,13,10,6,8,9,10,8,8,10,156
306,27,51,39,20,29,17,26,26,23,39,17,16,41,45,25,36,477
307,89,95,99,97,92,99,67,98,87,91,77,111,114,99,91,112,1518
308,3,3,5,4,8,6,7,5,3,5,1,7,3,6,3,5,74
309,5,7,7,10,4,4,4,7,5,3,7,3,6,5,5,3,85
310,32,50,47,12,31,17,21,24,20,37,16,13,41,43,29,40,473
311,94,97,102,102,93,103,71,100,92,94,80,113,122,100,98,116,1577
312,5,7,6,11,12,13,14,11,7,11,4,10,4,11,7,15,148
313,9,13,13,17,12,14,10,13,11,8,12,6,13,8,7,6,172
314,34,54,51,19,36,25,25,28,22,43,20,17,46,48,39,46,553
315,97,98,108,102,99,107,73,100,95,96,89,117,127,103,103,120,1634
316,3,6,6,3,4,3,4,3,6,7,5,2,6,6,4,4,72
317,7,3,8,6,11,5,5,6,7,5,3,2,9,3,6,7,93
318,27,55,47,23,42,30,30,31,23,41,18,12,43,50,32,47,551
319,102,100,115,104,101,114,76,102,99,102,93,121,132,108,107,127,1703
320,7,11,14,6,9,7,7,5,10,13,11,7,9,12,10,7,145
321,12,11,11,8,16,10,13,14,11,10,9,7,15,9,14,10,180
322,31,60,54,27,46,37,36,32,29,46,23,17,48,54,33,54,627
323,107,104,120,108,105,116,79,109,103,108,94,125,137,110,111,134,1770
324,6,8,7,6,5,4,1,3,2,6,7,5,10,6,3,4,83
325,7,5,12,6,6,4,2,7,4,4,7,6,5,3,7,4,89
326,30,61,59,23,53,35,36,31,30,48,24,8,51,55,37,50,631
327,109,108,123,115,111,124,83,111,111,115,97,130,143,112,117,136,1845
328,12,14,11,7,12,6,5,8,2,11,10,10,17,11,9,11,156
329,12,14,15,11,10,8,7,11,8,10,12,10,14,8,15,16,181
330,34,63,66,28,58,39,41,34,37,52,27,11,58,60,39,53,700
331,113,111,127,117,119,128,90,118,115,116,98,130,148,113,121,139,1903
332,7,4,6,6,4,4,3,7,3,6,4,3,4,7,6,3,77
333,5,8,7,3,6,4,7,5,3,8,5,6,10,8,3,9,97
334,40,66,72,32,59,33,32,33,31,53,32,12,60,60,45,59,719
335,117,116,130,124,124,133,92,119,117,118,100,133,153,116,129,142,1963
336,11,10,12,10,8,9,5,11,7,10,10,5,8,13,13,9,151
337,9,11,10,6,9,8,14,12,7,11,7,17,14,13,6,14,168
338,43,70,75,36,67,36,38,39,38,55,34,18,66,65,48,63,791
339,124,118,133,131,129,138,98,119,122,121,106,137,158,120,133,145,2032
340,7,7,5,2,5,2,4,5,4,6,4,3,3,9,8,4,78
341,4,5,4,6,5,4,6,10,4,5,5,6,1,5,7,7,84
342,46,72,75,31,62,36,38,46,32,53,29,29,69,67,45,68,798
343,128,124,134,134,137,148,101,124,127,126,110,145,163,126,137,149,2113
344,12,11,11,7,8,6,7,11,11,9,8,10,7,12,12,7,149
345,6,12,9,10,15,11,9,13,9,11,10,15,7,10,11,14,172
346,50,73,74,37,66,42,42,51,34,60,32,36,81,74,48,72,872
347,131,127,138,138,144,151,103,131,132,134,115,147,165,130,139,156,2181
348,7,3,8,6,4,5,6,3,3,7,4,3,4,3,8,2,76
349,8,9,7,5,8,3,3,7,7,8,4,6,7,10,6,7,105
350,49,75,78,34,76,42,40,60,37,60,30,40,75,76,52,79,903
351,137,136,142,141,148,154,108,135,139,140,120,153,168,135,141,164,2261
352,13,9,12,13,8,10,8,3,6,10,10,11,8,13,15,7,156
353,12,10,12,10,12,9,7,9,11,14,14,15,12,16,12,13,188
354,51,85,83,38,79,47,44,67,43,64,39,48,80,84,54,85,991
355,140,144,148,148,159,161,116,142,141,141,123,157,171,141,149,166,2347
356,6,7,5,1,7,5,12,3,6,10,6,9,5,6,5,5,98
357,8,2,4,3,5,5,6,6,6,8,2,6,6,10,8,7,92
358,57,83,88,40,82,47,38,60,41,68,43,51,78,88,57,85,1006
359,144,145,149,151,163,164,122,152,145,144,130,167,174,148,155,166,2419
360,10,11,14,4,12,13,17,7,11,13,12,12,14,9,7,13,179
361,17,8,10,8,11,9,14,11,13,11,10,10,12,16,14,14,188
362,64,90,92,48,85,51,40,64,41,74,45,52,83,92,61,88,1070
363,151,148,153,159,168,169,130,157,146,145,135,168,175,152,162,170,2488
364,5,3,4,2,5,5,5,7,9,7,5,5,6,5,5,4,82
365,8,7,6,6,4,7,12,6,1,7,4,6,13,10,8,9,114
366,67,89,93,41,93,52,43,64,49,79,53,54,86,103,68,93,1127
367,152,151,157,162,173,178,134,164,152,152,135,175,178,162,166,173,2564
368,10,11,7,8,12,11,8,14,13,13,16,11,9,9,7,13,172
369,13,14,10,13,8,13,18,11,9,9,8,13,23,18,12,11,203
370,68,93,104,41,97,56,46,70,55,85,56,57,89,107,70,100,1194
371,152,154,161,165,175,180,136,169,156,160,138,179,178,166,171,179,2619
372,5,5,7,9,5,6,7,6,4,4,4,4,2,4,7,4,83
373,4,12,4,4,5,3,8,8,4,9,6,5,13,5,4,4,98
374,68,96,102,42,98,62,51,75,58,87,65,64,90,109,67,107,1241
375,156,157,166,173,184,183,142,175,162,165,143,181,183,168,174,184,2696
376,8,13,12,12,10,14,17,11,7,9,11,13,6,7,11,7,168
377,17,19,10,10,12,15,16,12,8,12,13,12,18,10,12,12,208
378,73,97,107,52,101,69,59,80,60,89,68,71,92,115,72,114,1319
379,158,158,165,174,190,186,142,177,165,167,146,187,191,171,179,189,2745
380,5,3,1,3,9,5,1,6,8,7,4,3,9,3,3,4,74
381,7,16,6,3,2,11,14,6,4,8,4,7,4,5,9,5,111
382,78,98,109,55,103,72,62,88,55,90,72,82,96,114,79,114,1367
383,161,168,171,181,194,190,152,186,165,172,148,190,199,176,183,190,2826
384,10,7,4,9,14,14,4,10,14,9,9,9,16,13,8,7,157
385,12,19,12,9,7,14,19,10,12,13,11,13,11,9,17,9,197
386,79,101,113,59,107,80,68,92,57,98,75,91,101,118,90,121,1450
387,163,173,171,186,200,191,154,190,168,175,153,190,204,182,184,192,2876
388,6,7,6,6,5,3,5,4,7,4,3,5,4,8,8,6,87
389,10,9,4,11,3,11,5,5,7,5,5,7,10,3,4,4,103
390,81,105,109,58,108,83,72,93,61,98,78,97,106,122,93,122,1486
391,169,176,174,192,204,195,157,197,170,175,157,196,209,186,189,197,2943
392,13,18,9,12,13,7,15,7,10,8,9,7,8,9,15,13,173
393,17,18,11,15,13,16,13,8,18,10,9,13,13,8,14,10,206
394,84,109,109,61,110,90,76,95,69,104,82,103,112,126,96,128,1554
395,175,180,180,200,207,196,158,200,174,180,164,201,215,189,191,201,3011
396,3,5,7,7,6,7,5,6,9,4,5,4,4,9,5,3,89
397,10,17,6,10,6,8,11,6,8,6,4,3,3,5,10,4,117
398,88,115,106,66,113,98,80,91,72,103,80,102,113,125,101,132,1585
399,178,190,185,205,210,201,166,204,183,182,166,204,221,192,192,205,3084
400,8,9,11,15,10,9,11,15,14,12,10,10,9,15,8,8,174
401,15,23,14,17,11,12,16,10,10,9,8,10,7,8,15,9,194
402,95,117,111,70,116,104,90,98,75,105,85,108,124,129,103,134,1664
403,181,194,185,208,215,210,167,207,185,186,171,208,227,200,196,211,3151
404,3,9,5,3,4,4,4,4,4,7,8,6,5,6,4,7,83
405,8,13,7,13,6,7,5,4,7,9,4,3,13,7,5,7,118
406,95,125,116,75,115,109,96,103,81,110,85,106,124,131,113,130,1714
407,183,197,189,211,218,213,172,214,186,192,174,212,233,204,199,215,3212
408,12,17,11,7,8,10,7,9,7,18,13,11,14,7,13,11,175
409,14,20,18,23,15,11,15,10,15,15,11,12,17,10,12,12,230
410,98,131,119,78,119,115,99,107,84,116,90,118,128,135,115,136,1788
411,189,201,188,215,221,218,175,218,193,200,180,216,239,214,207,221,3295
412,7,10,5,7,7,3,4,7,2,7,7,4,5,11,4,3,93
413,8,19,9,12,6,5,8,7,8,13,7,9,10,5,7,7,140
414,105,134,120,81,123,115,103,109,89,117,94,118,131,127,119,140,1825
415,193,205,194,215,227,221,177,223,203,204,183,218,243,218,213,225,3362
416,12,14,11,11,11,7,9,10,8,16,12,9,6,16,9,12,173
417,13,21,19,18,11,12,16,10,13,19,12,19,14,7,10,14,228
418,109,136,121,85,125,116,109,115,93,121,97,121,136,128,124,141,1877
419,200,208,202,217,232,227,181,225,206,208,186,224,252,221,215,232,3436
420,6,6,11,5,7,4,2,5,7,8,3,7,4,6,6,6,93
421,7,21,9,12,6,8,8,8,2,17,3,10,4,3,7,5,130
422,115,138,122,88,128,120,114,118,95,127,105,120,136,136,126,147,1935
423,205,213,205,218,237,232,184,232,212,212,189,231,257,224,219,237,3507
424,11,11,17,15,10,9,11,11,12,13,7,11,7,15,12,9,181
425,15,25,14,17,10,10,11,11,9,22,12,17,7,10,11,7,208
426,120,144,130,94,135,124,121,125,100,131,106,124,141,140,135,154,2024
427,210,216,211,220,245,235,186,238,216,215,193,231,259,226,222,242,3565
428,6,8,3,5,6,4,7,5,3,7,5,7,6,3,6,6,87
429,3,15,12,13,4,9,7,5,6,15,6,11,3,9,9,5,132
430,127,154,133,96,137,123,122,129,102,133,104,131,136,147,142,149,2065
431,214,220,216,219,248,242,193,239,220,217,200,237,266,230,227,247,3635
432,11,13,10,10,8,8,9,10,11,10,10,11,10,10,16,11,168
433,9,18,18,16,8,13,11,11,9,22,11,20,7,16,13,7,209
434,135,157,135,99,141,125,131,135,108,138,113,140,139,155,145,150,2146
435,218,223,222,225,253,242,195,245,221,224,200,238,268,235,230,250,3689
436,4,7,4,7,10,5,6,3,5,12,4,5,3,1,9,5,90
437,8,13,11,9,7,5,3,4,5,15,5,12,8,6,10,2,123
438,135,161,140,105,139,124,130,137,110,142,110,143,138,164,150,152,2180
439,227,225,223,230,257,244,201,248,227,230,203,245,268,243,234,249,3754
440,7,10,7,11,17,10,13,8,13,18,10,9,8,8,15,12,176
441,11,18,13,12,12,13,8,15,9,26,9,20,15,14,12,5,212
442,140,166,143,111,145,128,134,138,117,145,111,150,144,168,153,154,2247
443,234,228,226,234,265,250,203,253,234,237,205,252,270,247,244,252,3834
444,2,4,9,3,9,7,6,11,9,6,3,9,4,4,4,4,94
445,2,11,11,5,12,11,6,9,3,24,5,11,15,5,9,6,145
446,139,171,145,114,150,134,136,140,120,149,109,151,151,172,160,148,2289
447,237,232,229,237,268,255,208,259,237,243,211,252,273,247,248,255,3891
448,7,13,14,5,17,11,12,17,15,10,9,12,8,8,8,9,175
449,7,23,17,8,17,15,13,16,9,30,13,16,21,14,12,18,249
450,143,182,148,118,155,134,144,145,123,153,116,157,157,175,161,152,2363
451,240,234,232,240,271,258,211,262,243,249,211,258,277,252,249,258,3945
452,9,6,3,4,7,10,5,3,4,4,1,6,7,4,8,3,84
453,5,19,12,8,17,8,6,14,8,20,8,11,7,9,5,6,163
454,138,190,152,111,158,136,151,152,125,155,119,159,162,180,162,157,2407
455,240,237,239,244,275,263,218,265,249,252,212,261,283,258,253,259,4008
456,15,8,10,14,15,17,9,12,9,9,6,10,12,11,12,10,179
457,9,25,18,15,23,12,11,21,12,20,13,15,8,19,14,12,247
458,141,194,158,113,160,140,153,157,131,158,123,164,165,182,170,161,2470
459,244,241,244,248,278,274,222,268,254,255,216,264,291,262,260,263,4084
460,4,9,9,4,8,6,5,6,5,9,4,4,3,7,1,2,86
461,8,14,8,7,20,14,8,12,9,10,4,9,6,12,5,7,153
462,143,197,165,117,166,144,152,161,133,162,122,170,168,184,171,167,2522
463,250,248,249,255,281,275,228,269,256,255,221,270,294,265,266,266,4148
464,10,17,18,12,14,10,12,12,11,14,7,10,8,12,3,8,178
465,14,20,15,12,24,17,12,15,10,12,7,14,13,20,10,14,229
466,147,199,170,118,168,151,158,167,136,164,127,173,172,186,174,173,2583
467,258,247,253,260,282,277,231,276,264,258,222,276,301,267,272,266,4210
468,4,8,10,9,8,5,7,3,5,4,6,5,6,4,5,6,95
469,3,18,16,4,20,10,3,9,11,12,1,13,9,14,4,9,156
470,152,206,178,120,171,158,159,171,138,170,119,179,173,184,164,174,2616
471,265,246,257,261,286,280,234,279,263,262,230,280,309,273,273,270,4268
472,7,13,17,13,12,8,13,8,7,7,12,8,10,10,12,9,166
473,9,26,23,9,28,14,10,16,18,17,7,19,14,21,12,18,261
474,156,208,184,121,174,158,163,175,144,174,122,184,177,184,171,179,2674
475,268,250,259,264,293,282,239,282,266,269,234,287,313,280,277,275,4338
476,3,4,10,9,4,4,4,6,6,5,7,8,5,12,4,5,96
477,5,23,21,5,26,5,5,5,6,6,5,12,9,12,4,8,157
478,154,215,187,122,176,160,165,179,147,176,124,188,183,189,171,183,2719
479,273,254,267,265,294,286,242,287,268,278,237,296,315,287,279,282,4410
480,12,9,14,13,7,12,9,10,8,10,11,15,12,16,11,8,177
481,9,28,25,12,34,13,11,9,12,8,12,14,14,16,15,12,244
482,160,218,190,124,181,164,172,186,150,183,127,193,187,190,176,189,2790
483,278,252,274,267,296,286,245,290,277,288,242,302,321,293,280,286,4477
484,8,5,7,5,6,4,2,7,7,10,6,3,3,8,4,7,92
485,4,18,22,4,25,9,7,9,4,8,8,9,8,12,12,5,164
486,160,220,193,126,187,167,171,189,152,179,131,201,187,197,176,189,2825
487,281,255,280,273,301,289,248,298,279,291,246,303,319,296,280,290,4529
488,9,11,10,12,12,6,7,13,10,15,12,11,9,14,9,12,172
489,9,28,28,15,30,16,12,10,10,14,18,15,14,20,18,8,265
490,166,227,197,133,191,170,177,192,155,182,138,205,187,204,183,195,2902
491,288,259,285,277,302,290,252,303,283,289,252,306,323,295,288,297,4589
492,5,4,4,4,7,5,7,6,6,4,7,4,7,3,5,6,84
493,6,20,20,9,23,3,7,4,8,12,16,5,7,17,12,6,175
494,164,232,203,134,191,175,180,194,156,187,144,209,191,204,190,196,2950
495,293,261,291,277,306,293,259,309,285,295,255,308,324,296,295,299,4646
496,8,10,9,8,12,7,10,11,9,11,18,5,15,7,11,14,165
497,17,23,24,17,27,13,12,10,12,21,23,8,19,28,17,8,279
498,168,233,207,137,194,177,180,198,163,190,150,213,192,204,195,199,3000
499,298,266,290,280,308,298,260,310,285,297,253,315,327,299,296,304,4686
500,3,6,8,6,6,6,7,5,4,7,6,3,5,8,8,9,97
501,8,14,20,9,20,5,5,4,10,14,28,6,13,16,7,3,182
502,177,237,208,138,199,175,179,197,163,193,154,208,196,210,204,200,3038
503,298,268,293,289,310,298,263,313,286,302,253,317,329,304,300,315,4738
504,7,12,14,9,13,16,12,7,8,14,9,6,9,11,17,15,179
505,17,17,27,13,30,13,7,11,21,18,37,11,21,19,11,9,282
506,179,241,211,141,201,181,183,199,169,195,156,213,202,216,208,200,3095
507,301,269,298,295,312,300,267,312,290,308,257,321,332,314,299,319,4794
508,5,3,11,4,4,6,6,4,5,5,2,10,6,8,4,2,85
509,7,11,25,6,24,17,4,8,8,17,27,5,12,12,8,7,198
510,185,249,215,143,207,184,182,200,175,200,158,208,203,219,210,201,3139
511,304,273,299,298,314,303,272,314,292,309,262,325,334,317,305,322,4843
512,15,8,15,7,11,8,8,12,17,11,9,16,16,12,8,7,180
513,11,20,28,10,28,25,8,17,14,27,31,9,19,15,13,10,285
514,187,252,220,147,210,187,187,205,178,204,162,213,205,221,215,204,3197
515,310,274,303,301,321,304,274,320,299,311,266,327,336,319,305,323,4893
516,5,7,8,5,2,2,7,6,7,4,5,9,9,10,7,3,96
517,10,10,30,7,23,15,5,17,12,17,27,9,16,9,6,5,218
518,191,261,225,143,216,191,182,207,183,205,169,215,210,220,217,200,3235
519,312,277,307,308,324,309,279,323,300,312,267,330,339,322,306,325,4940
520,13,11,11,8,7,8,12,12,8,10,10,12,14,17,12,10,175
521,15,21,37,12,34,25,12,21,19,24,36,11,20,14,12,10,323
522,193,267,231,146,220,193,185,209,187,207,173,220,214,223,222,201,3291
523,313,280,312,314,324,308,279,325,303,314,271,331,344,326,307,326,4977
524,7,3,6,6,6,7,4,6,5,7,6,6,6,8,4,2,89
525,11,12,27,6,24,12,7,15,8,17,28,7,14,10,4,6,208
526,194,271,231,145,222,197,191,216,191,212,174,222,217,226,227,201,3337
527,314,282,318,317,325,310,285,330,308,315,271,330,351,330,313,327,5026
528,12,10,8,8,14,13,11,15,12,12,15,15,8,11,13,8,185
529,14,17,35,13,34,23,18,26,10,23,33,16,23,15,7,13,320
530,198,273,241,149,223,200,196,219,196,215,178,228,223,232,232,206,3409
531,316,285,322,318,330,313,290,333,315,317,272,331,356,331,316,332,5077
532,4,2,6,6,5,5,6,7,3,3,3,8,3,5,7,3,76
533,8,9,23,9,27,22,10,26,8,14,32,15,11,6,5,9,234
534,204,279,247,147,228,203,198,219,195,220,181,230,224,233,231,210,3449
535,319,287,329,320,330,314,292,336,318,318,277,338,359,331,320,337,5125
536,7,12,11,12,13,9,8,11,7,13,11,14,5,9,15,6,163
537,13,16,26,19,30,31,13,31,12,20,39,20,16,12,8,13,319
538,208,281,249,152,232,205,200,222,195,225,186,231,227,237,234,217,3501
539,320,287,333,327,332,316,296,340,323,322,281,342,366,336,326,340,5187
540,5,6,7,6,5,3,7,8,11,4,2,6,10,3,6,6,95
541,3,11,16,16,21,20,6,27,4,16,30,12,5,10,6,6,209
542,208,287,252,156,231,205,202,224,195,225,190,229,228,239,235,212,3518
543,321,290,337,330,334,313,297,342,330,327,283,344,370,335,326,348,5227
544,11,15,12,9,7,6,14,15,19,10,6,10,11,11,12,12,180
545,8,20,21,20,25,31,12,33,6,26,37,18,10,13,9,7,296
546,213,287,256,156,237,209,206,229,198,226,191,231,230,250,238,214,3571
547,325,291,343,332,335,316,296,342,336,329,288,343,375,339,329,349,5268
548,8,6,6,6,6,7,5,7,7,12,6,9,7,5,7,3,107
549,10,19,13,15,13,24,9,28,4,16,26,8,5,4,7,8,209
550,209,290,256,161,242,211,207,232,207,230,195,236,231,252,237,207,3603
551,332,296,342,329,340,319,300,343,338,328,290,344,379,346,333,358,5317
552,12,10,9,9,9,11,9,11,13,15,9,14,10,10,10,9,170
553,14,23,16,19,20,31,15,43,8,21,29,19,8,11,17,19,313
554,211,289,265,165,245,212,208,236,209,232,203,242,235,256,239,210,3657
555,339,302,344,332,344,320,304,345,337,328,293,346,379,349,335,360,5357
556,8,6,5,1,7,5,5,6,6,6,3,3,8,9,9,8,95
557,8,11,9,15,9,29,6,35,6,19,21,14,6,3,6,9,206
558,214,294,269,171,246,212,211,238,211,233,203,244,231,256,239,214,3686
559,341,303,347,331,348,322,307,345,339,331,300,347,382,354,338,367,5402
560,13,12,9,11,15,10,13,13,10,11,5,8,14,13,14,10,181
561,10,15,16,24,12,41,7,39,15,25,26,22,15,9,12,14,302
562,215,300,277,172,249,212,215,238,215,236,208,246,231,259,239,217,3729
563,342,309,347,333,348,324,313,345,340,334,304,349,384,356,336,372,5436
564,8,7,5,6,6,8,4,4,5,4,4,8,6,3,4,7,89
565,7,10,7,17,10,33,4,40,7,16,9,14,10,7,6,2,199
566,214,303,284,176,256,211,217,241,218,241,209,250,234,259,241,221,3775
567,347,314,351,335,350,327,315,348,344,338,307,349,384,357,343,375,5484
568,13,13,11,10,11,12,10,8,7,7,11,14,15,8,12,13,175
569,13,19,13,26,18,38,9,45,11,21,16,24,14,19,17,6,309
570,219,307,287,177,257,211,220,244,221,245,211,251,235,263,244,227,3819
571,348,316,353,336,352,326,321,351,345,339,302,352,385,361,349,379,5515
572,7,4,7,5,3,8,9,4,7,1,8,3,6,8,5,3,88
573,7,13,6,16,10,31,3,34,4,10,7,20,11,10,9,6,197
574,222,312,289,178,259,216,218,245,218,247,213,255,236,262,246,226,3842
575,351,317,351,335,357,328,323,357,347,345,302,357,386,364,347,380,5547
576,11,10,11,10,5,14,13,8,12,4,16,9,11,12,8,7,161
577,16,18,9,20,18,38,8,40,8,18,14,25,15,15,10,14,286
578,226,311,291,184,264,219,219,247,221,248,215,256,238,266,247,229,3881
579,353,323,355,335,360,327,327,358,346,345,302,360,383,369,354,386,5583
580,3,3,7,6,4,3,3,3,7,5,6,9,6,7,4,5,81
581,12,10,10,14,2,33,6,30,8,1,9,14,8,9,8,4,178
582,226,319,290,186,268,222,220,250,217,248,218,259,242,272,246,230,3913
583,356,328,361,337,360,336,335,360,345,346,308,367,385,374,356,390,5644
584,9,7,13,8,10,10,10,10,10,9,10,15,9,11,5,10,156
585,18,15,16,18,6,39,14,34,19,6,16,19,16,14,15,7,272
586,232,321,295,185,274,223,220,262,217,252,219,262,246,277,248,231,3964
587,356,330,361,336,361,336,340,364,347,350,309,368,385,374,359,390,5666
588,1,4,9,6,3,4,3,3,2,7,6,5,6,5,7,3,74
589,7,4,11,7,4,30,2,25,11,3,4,13,4,6,5,8,144
590,233,320,300,186,273,227,221,266,220,245,224,265,247,277,246,226,3976
591,358,333,363,340,365,335,343,365,347,350,309,369,389,379,362,392,5699
592,6,7,18,11,4,10,9,8,9,12,14,12,9,10,12,13,164
593,14,10,16,13,9,36,8,30,20,10,10,17,11,13,11,15,243
594,234,324,304,186,274,231,224,271,222,248,229,267,249,280,250,225,4018
595,357,337,367,343,369,341,347,368,346,355,310,369,390,382,363,394,5738
596,2,4,2,9,8,3,7,5,3,4,6,8,7,7,9,5,89
597,4,9,17,1,4,31,7,20,8,6,4,10,4,6,0,8,139
598,235,319,305,189,263,233,217,275,220,248,231,269,246,280,256,228,4014
599,359,337,372,342,370,343,351,371,344,360,312,371,396,389,368,395,5780
600,9,11,8,17,13,5,10,9,7,12,9,12,11,9,14,9,165
601,12,14,23,7,8,39,10,24,16,9,7,16,10,12,6,13,226
602,239,320,310,195,263,236,219,278,224,249,232,274,250,281,258,228,4056
603,361,340,373,340,370,345,352,373,343,365,318,374,401,394,370,403,5822
604,4,6,5,2,4,7,8,5,8,4,6,4,7,4,1,3,78
605,7,11,12,6,6,26,3,13,7,1,6,5,6,3,4,5,121
606,236,323,313,196,261,238,218,279,224,246,224,275,252,280,257,228,4050
607,362,341,377,339,373,350,354,378,347,364,315,373,404,394,372,406,5849
608,6,13,8,5,8,16,16,6,16,9,14,9,13,9,9,10,167
609,14,16,18,14,16,33,5,21,11,8,11,10,8,8,11,8,212
610,238,325,313,197,263,239,218,280,228,246,226,279,254,281,259,228,4074
611,365,343,380,340,374,353,357,381,349,365,313,377,406,395,374,410,5882
612,7,5,3,4,6,3,4,3,6,8,3,5,1,4,1,4,67
613,6,8,7,8,8,29,3,10,10,8,11,6,3,5,6,3,131
614,240,331,314,192,263,243,216,282,230,243,228,276,256,280,256,224,4074
615,369,345,383,347,376,356,361,386,353,367,313,379,409,395,376,416,5931
616,9,7,6,9,12,5,10,10,12,19,9,9,8,6,6,11,148
617,13,11,9,14,13,36,7,16,16,12,19,14,7,11,10,8,216
618,244,334,318,194,265,250,218,285,235,244,232,277,259,282,258,225,4120
619,371,350,385,349,376,353,363,388,354,374,316,380,412,396,375,418,5960
620,3,4,5,4,6,4,9,6,8,7,7,8,5,4,4,6,90
621,4,6,4,6,7,22,8,9,9,9,11,3,1,9,2,2,112
622,243,329,309,193,266,254,214,288,237,249,232,280,249,276,248,221,4088
623,375,349,386,352,378,355,366,389,355,375,317,382,414,401,374,417,5985
624,10,10,10,8,11,9,12,10,10,12,11,14,12,8,8,10,165
625,9,9,11,12,11,26,14,14,10,15,18,12,4,17,6,10,198
626,244,332,313,194,269,254,221,290,241,254,239,280,251,275,252,223,4132
627,377,352,386,351,380,358,366,390,357,378,318,383,414,406,374,422,6012
628,5,5,6,7,3,3,5,2,3,6,4,6,6,4,6,4,75
629,3,3,4,7,7,13,5,3,3,12,11,8,4,3,7,10,103
630,241,332,315,191,271,251,220,290,238,257,247,282,246,278,241,222,4122
631,378,356,385,351,382,361,366,392,356,381,319,387,416,407,376,425,6038
632,7,11,8,9,6,8,9,7,8,13,6,13,7,11,11,11,145
633,10,8,8,11,12,16,11,8,8,18,16,13,8,8,15,11,181
634,242,335,316,193,275,249,225,293,239,259,249,285,249,280,244,227,4160
635,380,357,389,354,381,363,367,396,356,383,319,391,420,407,378,427,6068
636,4,3,8,4,3,7,10,5,7,4,0,3,1,1,4,9,73
637,4,5,6,9,4,5,5,8,9,10,4,6,1,9,9,6,100
638,232,334,309,193,271,250,223,288,230,264,252,287,242,274,244,228,4121
639,381,358,388,356,384,364,368,396,360,384,320,397,418,408,381,430,6093
640,9,9,11,9,7,17,18,11,11,5,4,9,6,8,6,13,153
641,9,10,11,15,10,7,9,13,18,16,6,15,5,12,11,9,176
642,232,335,311,197,276,253,225,288,229,266,252,289,241,278,245,227,4144
643,381,356,391,355,383,366,371,401,362,387,321,396,420,403,383,429,6105
644,8,9,5,0,3,7,3,4,11,4,6,2,4,5,8,10,89
645,2,4,7,5,4,5,9,10,9,5,1,4,9,7,3,5,89
646,228,332,311,199,270,259,229,288,232,266,239,290,229,273,240,229,4114
647,380,358,393,354,385,369,369,403,367,387,322,398,420,402,388,430,6125
648,11,14,11,4,6,11,7,6,18,10,11,8,9,9,12,16,163
649,6,12,10,11,10,8,13,14,18,8,2,10,13,19,7,12,173
650,231,334,309,201,271,265,232,289,232,267,242,296,226,276,244,232,4147
651,383,364,395,356,388,373,373,404,370,388,321,401,420,402,388,432,6158
652,5,4,5,6,8,1,3,4,3,4,5,3,5,5,3,3,67
653,5,7,6,6,5,7,9,6,17,6,5,4,5,10,5,11,114
654,224,337,310,192,266,265,234,286,233,266,235,291,226,276,241,234,4116
655,383,364,397,358,389,375,375,406,371,392,321,402,419,401,389,436,6178
656,8,6,12,10,11,5,5,10,8,12,8,5,8,8,8,6,130
657,8,7,9,9,10,10,14,13,25,11,10,9,10,17,9,16,187
658,225,336,311,195,264,264,237,285,235,267,239,293,231,276,246,237,4141
659,387,363,398,361,391,376,373,406,374,396,323,401,422,402,389,435,6197
660,6,5,3,4,5,4,2,3,2,1,3,2,4,8,7,3,62
661,6,5,6,5,5,3,6,5,15,5,4,3,5,6,3,3,85
662,220,329,308,192,263,256,235,283,242,266,233,289,228,278,242,239,4103
663,387,362,401,363,396,377,373,408,379,399,327,402,424,406,387,433,6224
664,9,11,10,8,13,8,6,6,2,5,8,6,10,13,9,7,131
665,9,11,12,7,11,10,12,9,21,8,9,9,11,10,10,9,168
666,223,328,310,193,267,257,236,284,242,268,238,288,228,278,243,244,4127
667,390,367,403,367,393,380,373,412,380,400,328,405,426,408,389,433,6254
668,5,4,4,5,3,5,7,6,3,3,4,5,5,0,4,3,66
669,6,5,4,2,5,6,7,6,4,4,3,6,3,4,5,3,73
670,217,323,310,187,269,252,230,276,244,258,233,280,225,280,238,239,4061
671,393,368,406,369,387,382,373,409,375,405,329,403,429,409,390,434,6261
672,11,11,7,8,5,9,11,10,12,10,8,10,12,3,6,6,139
673,7,7,9,7,15,11,12,10,11,6,8,7,8,7,9,6,140
674,217,325,307,187,270,256,229,277,243,263,235,284,228,284,239,241,4085
675,393,370,408,369,392,385,371,410,377,409,329,402,430,409,387,433,6274
676,4,9,4,4,7,2,8,9,1,5,5,5,4,2,7,2,78
677,3,2,4,9,10,6,5,6,7,2,6,4,3,5,5,6,83
678,215,321,301,182,268,256,230,277,241,255,230,278,225,270,234,231,4014
679,394,369,411,370,392,386,372,413,381,409,330,404,429,412,386,434,6292
680,8,12,13,8,10,3,11,13,6,10,6,10,12,2,13,6,143
681,7,7,9,17,17,8,11,10,13,8,11,9,9,10,13,10,169
682,219,326,303,184,265,257,229,281,244,258,231,280,227,269,234,235,4042
683,394,368,411,370,394,387,375,418,383,411,331,403,430,414,387,435,6311
684,5,4,3,2,2,2,2,1,9,4,7,9,5,4,6,5,70
685,5,6,2,6,7,6,7,5,3,4,3,6,4,4,5,3,76
686,211,324,306,188,267,246,231,280,242,252,226,276,225,259,236,227,3996
687,395,367,413,374,393,386,373,420,387,412,334,406,435,417,386,438,6336
688,7,6,7,5,6,4,6,5,11,8,8,13,9,7,10,10,122
689,10,10,8,8,12,9,12,7,7,11,9,15,12,10,10,7,157
690,211,325,306,189,269,246,234,282,243,253,228,277,225,259,240,231,4018
691,393,373,415,374,396,387,369,424,384,412,338,406,435,415,384,438,6343
692,3,3,2,5,4,4,5,2,1,6,3,4,6,4,3,2,57
693,2,5,2,3,5,5,9,5,2,2,2,11,5,6,6,3,73
694,205,320,300,180,264,238,230,271,238,250,224,278,224,255,241,226,3944
695,392,375,412,376,396,388,369,427,384,410,340,405,437,416,386,442,6355
696,9,7,6,10,9,6,6,5,5,12,6,6,15,9,6,2,119
697,9,7,5,6,8,11,18,9,7,8,6,14,9,12,10,8,147
698,207,319,304,181,264,240,233,271,237,251,226,276,225,256,242,229,3961
699,392,377,412,380,400,390,369,427,387,409,342,403,435,415,387,446,6371
700,3,3,3,1,4,5,5,5,4,5,5,8,3,3,1,4,62
701,6,3,6,3,5,1,2,6,5,8,2,7,5,1,2,2,64
702,202,312,295,177,252,232,236,261,227,247,215,273,228,255,235,213,3860
703,389,380,412,381,401,391,369,430,386,409,343,403,434,416,389,450,6383
704,8,8,6,4,7,9,9,9,10,11,8,15,9,7,4,6,130
705,8,8,13,8,13,4,7,11,9,14,6,15,13,9,3,7,148
706,204,315,295,177,253,232,238,266,230,247,217,272,230,257,236,213,3882
707,388,383,411,382,400,393,371,432,389,413,343,405,434,417,390,452,6403
708,4,5,0,5,8,3,3,3,7,1,3,7,2,4,1,3,59
709,6,5,7,2,5,6,6,4,3,3,4,11,6,2,4,9,83
710,197,310,294,166,249,225,235,263,228,249,208,271,229,251,217,205,3797
711,387,382,410,383,401,394,370,434,391,415,345,405,435,418,389,449,6408
712,7,7,3,9,10,6,7,7,11,6,4,10,9,8,7,9,120
713,16,7,12,7,12,7,9,5,6,7,8,14,9,3,6,12,140
714,197,309,297,169,250,226,236,270,226,251,209,272,230,256,219,207,3824
715,386,382,412,384,400,398,370,436,396,414,346,404,436,417,392,450,6423
716,4,4,0,4,4,2,1,2,3,2,2,4,6,1,6,5,50
717,4,3,6,6,3,4,7,3,3,2,2,4,5,4,6,6,68
718,199,299,291,161,252,215,230,259,222,239,199,275,226,246,209,205,3727
719,386,380,411,386,402,397,372,437,396,418,347,405,434,417,388,450,6426
720,12,8,3,7,7,4,4,2,7,2,7,8,8,3,9,9,100
721,10,5,11,12,7,6,12,9,5,7,7,10,8,9,9,10,137
722,201,301,292,161,255,217,230,259,224,239,202,276,229,247,211,204,3748
723,385,382,415,386,401,403,374,440,396,411,348,405,435,417,390,452,6440
724,1,5,2,1,1,6,2,3,5,4,1,2,3,6,3,5,50
725,4,4,9,2,4,6,3,6,3,2,3,3,4,8,6,3,70
726,199,289,282,159,246,202,223,246,214,226,192,272,222,237,206,200,3615
727,386,383,415,386,400,402,377,441,400,412,349,406,436,415,387,453,6448
728,2,7,5,6,5,7,4,8,7,7,4,6,8,10,8,9,103
729,9,5,11,5,7,7,5,11,6,14,8,6,9,11,8,9,131
730,201,291,282,159,246,202,223,246,216,230,193,273,223,236,208,200,3629
731,387,386,416,385,400,403,375,438,400,413,349,406,434,417,388,453,6450
732,3,4,5,4,2,5,1,3,3,4,4,4,3,5,1,7,58
733,4,5,6,3,5,4,1,4,4,4,5,2,3,5,6,3,64
734,190,280,274,148,236,194,208,244,206,225,182,261,215,237,199,197,3496
735,389,386,415,388,402,399,377,437,400,413,352,407,436,421,386,452,6460
736,6,5,9,7,6,6,6,7,7,8,6,5,7,9,4,9,107
737,8,9,12,6,10,6,8,8,9,5,8,9,9,12,11,10,140
738,192,280,274,150,234,197,209,242,206,225,184,262,218,236,201,199,3509
739,390,386,416,388,403,400,380,437,399,414,354,406,437,418,386,454,6468
740,2,2,5,1,7,2,4,3,5,3,2,5,2,1,3,3,50
741,4,7,5,3,4,6,3,5,3,4,7,2,5,2,6,7,73
742,183,270,269,142,227,191,202,234,201,217,177,250,209,235,193,192,3392
743,391,388,414,385,404,402,381,437,399,414,358,404,434,417,384,456,6468
744,6,5,10,4,11,5,4,9,11,6,2,8,7,6,7,5,106
745,7,10,7,7,7,9,4,7,7,7,9,8,10,8,12,11,130
746,183,273,270,145,227,194,204,237,202,219,177,251,210,236,196,193,3417
747,395,388,413,388,403,403,378,439,400,416,359,405,432,418,381,457,6475
748,3,4,6,2,4,2,5,3,4,3,4,4,6,0,2,4,56
749,5,2,4,6,2,6,4,2,1,3,2,4,7,6,4,3,61
750,173,263,264,131,221,185,189,231,199,212,166,247,205,228,193,186,3293
751,392,388,413,387,405,404,375,443,399,417,358,402,433,417,379,456,6468
752,5,5,7,5,5,6,6,6,8,6,8,7,8,3,6,5,96
753,7,6,7,9,4,9,13,5,4,7,3,7,12,13,12,8,126
754,177,263,265,135,220,188,190,235,201,215,169,249,207,225,194,186,3319
755,395,388,413,386,406,404,376,443,400,416,360,404,433,419,378,455,6476
756,4,6,3,4,4,4,0,2,4,1,3,3,1,4,3,2,48
757,5,4,3,4,7,5,7,5,7,4,2,6,3,6,7,3,78
758,169,251,257,125,204,181,188,222,189,205,156,239,203,218,190,180,3177
759,397,388,414,389,408,404,377,443,401,415,356,404,429,420,377,454,6476
760,7,8,5,7,6,6,0,6,10,4,3,4,7,10,6,4,93
761,9,8,7,12,10,10,10,6,9,14,7,7,4,9,13,7,142
762,169,249,256,125,203,184,186,224,190,207,158,238,205,218,191,183,3186
763,397,389,416,387,410,406,379,444,405,416,356,403,429,420,375,452,6484
764,2,2,2,4,5,3,0,3,5,6,2,4,6,0,3,1,48
765,3,5,5,5,5,2,3,4,2,4,7,5,7,2,4,6,69
766,164,243,242,123,195,178,175,213,185,200,145,225,194,214,187,170,3053
767,397,388,414,389,412,405,379,443,404,415,358,405,427,422,373,453,6484
768,5,10,6,6,9,5,3,6,9,7,5,9,8,5,7,3,103
769,8,6,6,9,7,6,5,7,5,10,11,10,8,5,10,10,123
770,168,244,241,125,194,180,174,216,186,202,148,225,195,216,187,171,3072
771,395,389,417,389,413,404,381,443,408,416,357,403,426,423,373,454,6491
772,0,0,5,0,5,6,2,5,1,5,2,5,3,4,3,3,49
773,5,2,5,0,3,4,8,5,3,2,5,6,5,6,7,3,69
774,159,237,230,115,188,167,158,206,177,195,141,221,189,202,183,163,2931
775,396,387,419,387,418,404,380,443,404,415,362,407,426,421,372,456,6497
776,0,5,9,1,8,7,6,9,5,7,3,8,6,5,7,7,93
777,11,5,10,4,5,8,13,7,7,6,9,13,12,10,14,7,141
778,160,236,233,116,189,168,157,206,178,195,142,224,189,204,185,164,2946
779,394,387,416,387,420,406,379,447,403,413,363,407,424,423,373,455,6497
780,6,4,3,2,3,3,2,3,2,3,4,1,1,2,3,2,44
781,2,7,2,5,2,3,3,2,6,2,3,3,5,6,2,4,57
782,146,220,228,97,181,160,155,196,166,184,131,220,184,199,183,152,2802
783,393,385,416,391,418,406,381,448,401,411,361,407,424,425,375,455,6497
784,8,9,4,6,4,9,5,6,4,7,5,4,5,5,7,4,92
785,8,12,8,9,7,6,8,5,10,6,7,5,12,7,2,11,123
786,146,220,230,98,180,161,156,196,165,186,132,219,186,199,185,150,2809
787,392,381,416,388,417,406,379,448,402,410,362,404,423,428,376,453,6485
788,3,7,2,0,3,1,2,2,4,3,3,6,4,5,5,5,55
789,5,4,4,4,3,3,2,3,5,5,4,2,4,4,1,3,56
790,139,219,217,90,167,152,148,184,154,176,122,209,177,189,171,143,2657
791,393,379,417,390,419,406,381,447,400,413,362,405,423,425,374,454,6488
792,5,10,4,2,6,4,5,7,10,5,4,9,7,9,6,9,102
793,10,12,7,8,9,4,11,7,9,9,11,9,7,5,3,8,129
794,140,224,219,91,169,154,148,183,155,178,122,209,176,189,174,144,2675
795,395,379,416,388,419,408,381,449,403,414,363,405,427,421,374,455,6497
796,2,2,4,5,3,3,1,4,2,2,1,3,3,0,1,2,38
797,4,4,1,4,2,2,3,6,5,4,2,4,4,3,5,1,54
798,132,221,207,78,161,138,142,174,152,169,116,201,168,178,158,138,2533
799,393,379,414,385,418,408,380,446,399,414,364,405,426,418,375,456,6480
800,4,5,9,8,7,5,3,7,5,4,4,6,7,2,1,4,81
801,6,6,5,9,3,7,6,8,7,7,5,9,7,8,7,2,102
802,132,225,208,78,161,137,143,174,154,171,118,201,169,179,157,140,2547
803,391,380,414,382,415,408,380,445,400,412,365,404,427,420,375,455,6473
804,4,7,2,1,3,3,3,5,3,6,1,6,0,3,3,0,50
805,5,3,5,5,5,4,4,6,6,2,2,6,4,5,5,5,72
806,119,212,199,72,150,124,130,163,143,158,105,191,159,166,142,123,2356
807,390,379,414,386,415,408,382,444,394,413,363,401,425,419,377,456,6466
808,8,8,4,3,6,6,3,7,4,7,4,8,4,6,6,3,87
809,11,5,7,10,9,8,8,8,11,4,6,10,5,8,10,11,131
810,118,212,201,73,152,125,130,163,145,158,107,194,159,168,145,124,2374
811,389,380,416,383,414,410,379,440,392,414,363,404,425,419,378,459,6465
812,3,4,4,3,2,6,0,2,2,2,3,3,0,4,2,4,44
813,5,4,4,1,4,4,2,6,9,2,6,4,6,3,3,2,65
814,114,202,188,65,142,118,117,154,137,145,95,191,145,159,138,118,2228
815,389,381,417,383,413,410,378,438,391,414,362,404,425,420,379,459,6463
816,8,7,8,5,3,10,3,2,3,4,5,7,2,5,4,5,81
817,8,7,5,5,9,7,7,12,17,4,10,4,9,5,4,3,116
818,114,204,191,66,144,119,117,157,137,146,97,191,146,158,137,118,2242
819,387,383,418,382,414,411,374,439,389,412,362,402,424,422,378,459,6456
820,1,1,0,2,2,4,3,4,1,1,4,3,3,2,0,2,33
821,4,6,4,3,6,4,3,7,5,4,5,6,4,2,1,3,67
822,106,192,181,53,135,113,104,149,132,133,89,179,133,143,122,103,2067
823,389,383,418,381,415,410,375,436,388,410,363,402,424,421,376,456,6447
824,4,2,2,7,4,6,7,5,3,2,6,8,5,4,1,3,69
825,8,8,6,7,8,7,8,9,10,10,8,9,7,6,4,10,125
826,107,192,177,53,134,111,104,149,133,135,92,182,135,142,121,103,2070
827,384,385,421,382,414,409,375,438,386,411,361,401,423,420,373,456,6439
828,1,3,4,2,5,1,2,4,3,1,3,1,3,2,2,2,39
829,3,4,2,5,3,4,5,8,3,4,2,3,3,5,3,5,62
830,98,179,163,45,123,101,97,140,123,123,82,175,125,128,99,92,1893
831,381,385,418,382,413,408,375,436,386,411,362,401,422,419,373,453,6425
832,1,5,11,7,8,6,3,6,6,1,3,2,4,5,7,5,80
833,9,9,4,10,7,7,8,11,10,5,6,8,4,10,9,7,124
834,98,179,163,46,124,101,98,139,121,127,82,176,126,130,99,96,1905
835,382,386,417,379,414,406,378,435,383,409,364,400,418,420,371,454,6416
836,2,2,2,2,2,2,4,2,3,3,1,3,1,2,6,1,38
837,6,3,6,5,5,2,3,7,3,3,2,4,5,3,3,6,66
838,88,169,154,39,116,92,86,131,113,112,69,162,111,122,93,84,1741
839,382,384,417,378,414,404,376,432,381,406,362,402,416,418,370,454,6396
840,5,4,4,5,3,6,5,4,7,4,1,5,3,5,8,3,72
841,10,5,11,10,9,6,5,9,8,7,3,10,12,5,8,10,128
842,87,169,157,39,117,94,87,131,116,115,70,164,111,123,95,84,1759
843,381,382,415,375,416,403,375,427,380,407,358,401,418,420,373,455,6386
844,2,2,4,4,1,2,1,2,3,2,1,0,3,1,3,2,33
845,3,3,4,3,4,6,6,4,6,6,3,2,4,3,6,4,67
846,80,156,150,30,108,81,74,122,109,103,53,156,102,110,85,74,1593
847,382,385,414,372,417,402,374,428,382,405,358,403,418,419,372,456,6387
848,5,3,5,5,2,2,2,5,5,5,3,2,4,2,6,3,59
849,5,7,8,8,7,9,9,8,11,8,9,6,6,6,9,8,124
850,82,156,149,30,108,83,75,122,111,102,54,157,99,113,87,74,1602
851,382,382,416,373,415,400,374,429,381,403,359,402,420,419,373,455,6383
852,3,3,2,3,1,2,2,0,1,1,3,2,0,3,2,1,29
853,2,0,5,6,3,5,2,1,3,5,3,4,4,3,2,2,50
854,69,145,140,19,94,70,63,114,106,90,44,140,87,98,77,61,1417
855,384,380,414,372,412,402,375,433,377,403,358,402,420,419,371,451,6373
856,6,5,4,5,3,5,4,3,1,3,6,5,5,5,2,5,67
857,4,5,6,9,8,11,7,4,10,8,3,8,7,5,4,5,104
858,69,146,140,20,94,73,65,116,105,92,47,143,86,100,78,62,1436
859,382,379,412,369,415,400,375,432,378,407,358,402,419,418,372,451,6369
860,1,3,2,2,2,2,1,0,0,3,2,3,1,1,2,1,26
861,3,4,3,6,5,5,2,2,6,1,4,4,4,5,4,4,62
862,56,135,129,10,82,67,53,100,93,79,35,132,71,86,60,48,1236
863,381,377,413,371,412,399,373,433,379,407,357,401,419,416,372,450,6360
864,3,5,4,3,4,3,2,2,0,6,4,5,4,2,3,2,52
865,8,9,8,10,8,10,2,5,9,3,6,6,6,10,7,8,115
866,56,136,130,11,84,67,55,102,95,80,36,134,72,87,60,50,1255
867,381,376,411,373,411,398,372,431,381,408,357,402,418,417,371,451,6358
868,0,1,1,1,1,1,2,4,3,1,3,0,2,2,2,3,27
869,4,6,2,1,3,4,6,5,2,4,2,4,3,8,3,2,59
870,45,127,118,1,71,59,36,85,83,64,21,122,59,76,49,37,1053
871,384,378,412,371,411,394,369,432,379,410,355,400,414,416,369,448,6342
872,3,3,3,1,3,4,3,4,4,2,4,2,4,3,3,4,50
873,6,10,6,2,7,7,7,11,6,7,5,7,6,9,7,3,106
874,48,126,119,1,72,60,38,85,85,64,22,123,60,76,51,39,1069
875,383,379,409,368,410,392,369,432,375,412,355,400,411,413,368,449,6325
876,3,2,3,0,2,2,2,2,1,4,2,1,2,0,2,1,29
877,3,2,2,5,3,7,6,1,4,2,4,4,6,3,6,4,62
878,34,114,105,2,60,48,24,78,73,51,8,108,47,65,38,22,877
879,384,380,411,346,410,394,366,430,375,414,351,398,412,410,366,444,6291
880,5,4,4,1,3,4,4,3,2,6,3,3,5,2,2,3,54
881,9,5,7,10,6,12,9,3,11,2,10,8,11,8,11,5,127
882,36,114,107,4,60,47,26,79,72,51,10,109,49,67,40,23,894
883,382,381,412,348,408,396,365,429,375,411,351,398,412,408,369,441,6286
884,1,3,1,3,0,1,3,1,1,2,3,3,1,2,1,0,26
885,4,1,1,3,2,4,5,6,1,2,7,4,2,5,4,7,58
886,27,98,96,2,45,39,17,63,62,35,1,97,43,54,30,8,717
887,382,380,413,340,404,395,363,431,378,407,348,396,412,408,370,440,6267
888,2,6,2,3,1,4,3,3,2,5,3,4,2,3,3,2,48
889,8,2,4,4,7,5,9,10,3,6,8,5,6,9,7,14,107
890,28,99,98,2,47,41,20,63,62,37,2,99,44,55,31,9,737
891,381,379,415,340,404,392,364,431,378,408,349,395,412,405,368,439,6260
892,2,4,2,3,1,3,2,1,1,2,0,2,1,1,1,1,27
893,3,4,2,1,6,3,6,0,2,6,4,2,6,4,2,3,54
894,15,84,81,0,33,26,10,52,45,25,1,84,29,44,18,4,551
895,379,378,413,324,403,393,363,430,378,406,338,396,412,407,370,437,6227
896,3,6,2,3,4,4,4,1,1,3,0,7,2,2,4,3,49
897,8,7,4,5,7,8,10,2,5,8,5,6,10,10,5,7,107
898,15,84,82,0,36,28,10,53,44,28,2,86,30,44,19,6,567
899,379,379,412,325,400,394,360,429,377,404,337,396,413,407,370,437,6219
900,0,2,1,1,2,2,1,2,1,0,1,1,2,5,1,2,24
901,3,3,6,3,2,3,2,2,3,5,3,3,2,1,2,5,48
902,4,73,64,0,24,18,2,33,28,16,1,77,19,34,4,1,398
903,379,379,414,308,399,393,359,426,377,405,321,398,410,406,370,429,6173
904,2,4,1,2,3,3,1,4,4,3,1,2,5,6,2,3,46
905,3,4,10,6,7,5,7,7,6,8,5,5,4,5,5,9,96
906,6,76,64,1,26,19,2,33,28,17,2,79,19,36,7,1,416
907,377,378,414,309,399,392,357,425,379,405,322,396,410,407,369,428,6167
908,2,2,0,1,1,2,0,1,2,2,0,3,1,2,0,1,20
909,5,2,2,2,2,4,2,8,3,2,1,1,5,5,2,1,47
910,0,62,52,0,13,4,1,21,15,5,2,63,5,25,1,2,271
911,364,379,413,292,396,390,341,424,377,402,305,395,410,405,359,417,6069
912,2,3,1,1,3,5,1,1,3,3,2,4,4,3,1,2,39
913,7,6,4,4,6,7,5,10,5,5,3,5,8,8,5,6,94
914,3,63,53,2,15,6,2,21,17,5,4,62,6,27,2,2,290
915,362,378,414,290,397,389,340,423,378,403,305,394,406,405,359,418,6061
916,2,2,0,2,1,4,1,1,2,0,0,1,0,0,2,3,21
917,3,1,4,5,7,2,3,3,5,6,3,3,2,3,4,4,58
918,2,50,36,0,2,2,1,9,1,2,0,47,2,15,1,1,171
919,349,378,416,272,395,383,326,422,378,390,289,393,398,403,342,404,5938
920,3,2,0,4,2,6,1,2,4,0,0,3,3,1,5,4,40
921,8,4,5,10,10,4,6,7,6,9,4,6,9,5,7,8,108
922,2,52,36,0,3,4,2,9,3,3,2,48,4,17,3,2,190
923,348,375,416,271,396,382,329,420,379,390,290,394,399,402,340,403,5934
924,2,0,1,1,2,1,3,1,0,0,1,1,1,1,1,2,18
925,3,3,1,4,6,5,1,3,3,3,2,1,4,3,3,4,49
926,3,35,19,0,1,1,1,0,1,1,1,33,3,1,0,1,101
927,337,375,417,259,383,372,313,414,368,376,272,394,392,401,331,394,5798
928,4,2,2,3,4,1,4,2,1,0,1,3,1,2,3,4,37
929,7,7,2,6,10,8,3,6,5,4,4,3,6,6,6,7,90
930,5,35,19,2,1,1,4,1,2,2,2,36,4,2,2,1,119
931,336,370,414,260,381,369,313,414,367,376,272,394,391,399,330,393,5779
932,0,1,1,1,1,2,2,1,1,0,1,2,0,2,2,2,19
933,4,2,3,3,5,2,2,4,3,5,3,0,1,2,3,2,44
934,1,22,1,1,1,0,1,1,1,2,2,18,2,0,1,1,55
935,328,365,413,248,373,352,300,398,347,356,256,396,378,386,317,379,5592
936,0,2,1,1,2,5,4,2,1,2,3,3,1,3,4,3,37
937,6,9,9,5,9,6,7,5,8,9,8,3,6,6,6,6,108
938,2,24,3,2,1,0,3,2,2,4,3,18,4,1,2,2,73
939,329,364,414,251,372,353,302,398,345,354,256,395,378,385,315,380,5591
940,1,0,1,1,1,1,0,2,1,1,3,2,2,0,1,2,19
941,3,6,3,2,4,4,3,3,6,5,1,1,3,2,1,5,52
942,1,11,1,2,2,0,1,1,1,1,1,0,1,2,3,1,29
943,312,364,403,234,355,341,292,382,333,344,246,394,366,371,302,369,5408
944,1,1,1,2,3,3,0,3,2,1,5,4,4,1,2,4,37
945,3,11,6,5,7,6,4,6,10,10,2,3,4,4,4,7,92
946,1,12,2,4,5,2,2,1,2,2,4,0,2,2,4,2,47
947,312,363,405,233,356,342,293,380,330,342,245,391,366,370,303,367,5398
948,0,0,1,1,3,1,1,0,0,2,2,1,1,3,1,1,18
949,4,3,4,1,6,3,1,4,1,4,1,5,3,2,4,1,47
950,0,0,1,1,0,1,3,2,2,1,1,0,2,1,3,0,18
951,291,361,391,217,344,328,274,364,321,328,231,373,351,351,290,353,5168
952,1,1,2,2,5,2,3,2,0,2,3,3,2,5,1,2,36
953,8,5,6,4,7,5,3,7,7,8,5,9,5,6,5,6,96
954,1,1,3,3,2,3,3,2,3,3,3,2,3,1,4,0,37
955,291,361,391,217,342,328,273,365,322,325,230,371,352,351,291,352,5162
956,2,0,0,2,0,1,1,2,2,1,1,1,1,1,1,2,18
957,5,3,3,5,5,3,2,4,1,6,3,4,3,6,3,6,62
958,0,0,1,0,0,1,2,2,2,1,2,1,1,1,2,2,18
959,277,345,379,202,332,313,258,350,308,310,218,360,338,340,276,335,4941
960,2,1,2,4,1,2,1,4,3,2,3,2,3,1,2,3,36
961,7,5,5,6,8,8,4,8,3,12,7,8,3,10,5,9,108
962,1,2,1,1,1,1,3,4,3,3,2,2,2,1,4,2,33
963,273,342,377,200,334,311,259,351,309,307,218,361,337,339,276,332,4926
964,2,2,1,1,1,1,0,2,2,1,2,0,0,1,0,2,18
965,2,2,1,3,4,3,2,5,4,7,3,3,2,1,2,3,47
966,0,3,2,2,0,1,2,1,2,0,1,0,0,1,2,1,18
967,258,325,362,187,320,295,246,343,294,302,208,351,320,328,262,322,4723
968,4,3,1,2,1,2,4,2,3,2,4,2,1,4,1,3,39
969,9,7,4,8,6,6,4,6,8,12,5,3,6,5,5,7,101
970,3,4,3,2,1,2,5,2,2,1,2,0,2,1,2,4,36
971,260,326,361,188,321,292,244,338,295,301,210,351,320,326,262,323,4718
972,1,1,0,0,3,2,2,2,1,1,0,2,1,1,0,1,18
973,3,1,2,1,1,5,0,2,3,2,2,2,4,3,2,1,34
974,2,1,1,2,1,0,1,1,1,0,1,1,2,2,1,1,18
975,252,313,344,175,303,279,232,325,285,292,198,331,304,311,246,313,4503
976,3,2,1,1,5,3,4,2,2,2,1,3,2,3,1,1,36
977,5,3,5,3,3,9,2,7,6,5,2,5,8,8,5,3,79
978,4,3,4,2,3,1,2,2,1,1,1,3,2,2,1,4,36
979,253,312,343,176,301,280,231,326,288,291,197,329,303,310,246,310,4496
980,1,0,2,1,1,0,0,2,2,1,1,2,2,1,2,0,18
981,4,5,2,4,3,0,2,2,3,2,3,2,3,4,3,4,46
982,2,1,0,1,0,0,1,2,2,2,2,1,1,1,2,0,18
983,241,294,327,159,286,268,215,313,273,275,176,314,290,299,230,292,4252
984,2,1,4,2,2,1,0,3,3,2,3,3,4,2,2,2,36
985,6,8,6,6,6,3,4,4,4,5,6,6,6,8,6,9,93
986,3,3,1,2,1,1,2,3,3,3,3,3,2,4,2,0,36
987,241,294,327,159,288,268,215,312,274,274,177,314,288,299,227,292,4249
988,1,1,1,0,2,1,1,0,2,0,0,2,3,1,2,1,18
989,4,4,5,1,4,2,3,4,3,3,3,3,5,1,1,6,52
990,1,0,0,1,0,2,2,2,2,1,1,1,1,0,1,3,18
991,230,284,314,145,274,248,195,297,260,259,165,300,276,292,211,277,4027
992,2,2,3,2,4,3,1,0,2,0,1,2,4,2,4,4,36
993,6,4,7,3,6,5,5,8,5,6,5,7,8,3,4,10,92
994,2,2,0,1,1,4,3,2,5,4,2,1,1,0,4,4,36
995,232,285,314,143,273,245,195,297,257,257,165,299,277,290,213,279,4021
996,2,2,1,2,1,2,0,1,1,1,2,1,1,0,0,1,18
997,2,2,2,1,3,2,4,3,3,3,2,3,3,2,4,5,44
998,1,0,2,0,3,0,1,1,1,2,1,0,2,2,0,2,18
999,218,268,298,124,259,232,180,283,245,245,149,285,267,274,202,270,3799
1000,3,2,2,4,3,3,2,3,1,1,3,2,2,1,2,2,36
1001,5,3,3,5,7,8,7,6,9,6,4,6,4,4,6,7,90
1002,3,1,2,1,3,2,2,1,3,3,3,1,3,3,2,3,36
1003,218,264,297,126,259,232,180,281,244,246,150,284,268,275,202,272,3798
1004,2,2,1,2,0,2,0,2,1,1,1,1,1,1,1,0,18
1005,3,2,5,1,6,5,2,1,1,0,1,4,4,1,1,4,41
1006,0,2,2,0,1,2,0,3,0,2,1,1,2,1,0,1,18
1007,204,247,279,113,249,222,167,268,233,232,137,271,253,259,189,259,3582
1008,3,3,3,3,2,3,1,3,1,2,3,1,3,2,2,1,36
1009,5,8,8,2,9,7,3,5,5,0,4,6,6,3,4,5,80
1010,0,4,4,1,2,4,0,4,1,2,3,2,2,3,2,2,36
1011,204,248,278,113,251,221,169,269,233,231,137,271,254,258,189,256,3582
1012,1,2,1,1,1,2,0,2,0,1,1,1,0,1,1,3,18
1013,2,2,5,1,1,2,0,2,2,2,2,0,4,1,2,3,31
1014,2,1,1,0,0,2,1,1,1,2,1,0,1,0,3,2,18
1015,188,239,267,94,242,209,147,255,215,211,123,255,239,243,174,240,3341
1016,1,4,3,2,2,2,2,3,0,3,2,1,1,2,3,5,36
1017,5,6,6,4,2,4,3,4,4,7,5,3,5,3,3,8,72
1018,2,3,3,2,2,3,1,3,1,2,2,1,2,2,4,3,36
1019,188,240,268,94,240,208,147,254,215,214,124,257,237,242,176,240,3344
1020,0,0,2,1,2,1,1,1,2,1,1,1,0,2,1,2,18
1021,4,2,5,3,0,4,5,2,2,2,2,3,4,2,3,4,47
1022,2,2,3,2,0,1,1,1,1,0,1,1,0,0,3,0,18
1023,173,230,255,79,220,191,130,239,194,203,111,238,221,224,163,232,3103
1024,1,1,4,3,3,3,2,3,4,1,2,2,0,3,1,3,36
1025,6,5,6,4,5,7,7,5,2,4,2,4,8,5,4,8,82
1026,5,3,5,4,0,3,3,2,1,0,1,3,1,1,4,0,36
1027,173,228,256,80,220,190,131,241,193,198,113,237,221,225,165,232,3103
1028,2,1,0,1,2,1,0,1,1,0,1,2,1,2,1,2,18
1029,1,2,4,2,4,3,0,1,5,0,3,2,4,4,4,2,41
1030,0,1,1,1,1,0,1,2,2,0,2,3,1,1,1,1,18
1031,162,212,246,68,205,179,120,227,178,179,96,224,208,209,150,218,2881
1032,3,2,3,1,5,2,0,2,2,1,2,3,2,4,2,2,36
1033,2,5,9,4,5,8,2,2,7,7,5,6,6,5,4,4,81
1034,2,2,4,1,3,0,3,2,3,2,3,3,1,1,3,3,36
1035,163,211,247,70,207,179,120,226,178,179,98,224,206,207,152,218,2885
1036,2,0,0,2,2,1,2,2,1,0,1,1,2,1,1,0,18
1037,1,4,2,2,0,2,3,4,2,2,1,1,0,2,2,1,29
1038,2,0,2,1,0,1,1,0,2,1,1,1,2,1,1,2,18
1039,148,194,239,53,195,165,102,210,164,166,85,211,192,194,138,203,2659
1040,3,0,1,3,5,2,3,2,3,0,2,3,3,2,4,0,36
1041,2,7,3,2,1,4,4,8,5,5,2,1,5,7,2,4,62
1042,3,2,2,2,0,2,2,2,3,1,2,3,2,3,3,4,36
1043,149,195,240,55,193,167,102,210,165,166,86,210,190,192,137,205,2662
1044,0,2,2,1,1,2,0,2,1,3,1,0,1,1,0,1,18
1045,1,3,2,1,1,2,4,2,2,2,2,5,1,2,0,3,33
1046,2,0,0,2,2,1,0,1,1,2,1,1,1,2,1,1,18
1047,134,180,221,38,175,150,90,197,153,149,69,191,176,180,122,187,2412
1048,1,3,3,2,2,3,1,4,3,4,1,1,2,2,1,3,36
1049,3,4,5,2,4,5,8,4,4,3,2,7,5,5,3,5,69
1050,2,2,0,2,2,3,2,3,3,2,2,2,3,4,1,3,36
1051,134,180,220,39,177,150,89,199,153,149,72,191,176,181,122,189,2421
1052,1,1,1,2,1,0,0,1,1,1,2,3,0,1,1,2,18
1053,4,2,5,2,3,3,2,2,3,0,0,6,0,2,2,3,39
1054,0,1,3,1,1,0,0,2,0,1,2,1,1,2,3,0,18
1055,117,165,205,21,162,136,76,188,140,133,54,178,160,168,105,177,2185
1056,2,2,1,4,3,0,1,2,2,2,2,5,2,3,2,3,36
1057,5,4,7,3,4,5,4,4,5,1,3,8,0,3,5,6,67
1058,1,3,4,2,1,0,1,2,1,4,2,3,2,4,4,2,36
1059,119,164,205,21,163,136,77,189,142,135,54,179,160,170,105,177,2196
1060,0,1,3,0,0,0,1,0,1,0,2,1,1,2,3,3,18
1061,1,2,3,1,1,3,2,2,0,4,1,1,3,1,2,2,29
1062,2,1,2,1,2,1,2,1,1,1,1,1,0,1,1,0,18
1063,103,149,192,8,148,118,60,175,127,118,38,172,139,157,92,162,1958
1064,1,3,5,1,2,0,1,0,2,1,3,4,2,3,5,3,36
1065,1,5,4,1,2,7,4,3,1,7,2,1,6,3,4,5,56
1066,4,2,4,2,3,2,3,1,3,2,2,1,2,2,2,1,36
1067,105,149,191,8,148,117,60,174,126,118,40,173,140,159,94,161,1963
1068,1,1,1,1,2,1,0,1,3,1,2,0,0,2,1,1,18
1069,4,2,4,1,3,1,1,0,1,3,1,1,3,1,3,2,31
1070,2,1,1,0,1,1,1,2,1,2,1,2,0,0,3,0,18
1071,88,136,180,0,130,101,45,156,108,105,24,156,128,144,83,146,1730
1072,2,2,2,1,2,2,1,3,3,3,3,2,0,4,4,2,36
1073,6,4,5,3,3,4,2,4,4,5,3,3,6,1,5,5,63
1074,3,2,3,0,3,2,3,4,2,2,2,2,1,2,4,1,36
1075,89,136,181,2,131,100,45,157,108,106,25,159,128,143,83,148,1741
1076,0,1,2,1,2,2,1,0,1,2,0,1,1,2,0,2,18
1077,3,2,1,0,2,4,1,0,1,2,2,1,0,2,2,3,26
1078,1,1,2,0,0,2,1,0,1,0,0,1,3,0,2,1,15
1079,76,122,167,0,118,84,27,144,93,94,10,144,111,126,75,132,1523
1080,2,3,2,1,4,3,3,0,1,3,1,1,1,4,1,3,33
1081,3,4,2,0,4,7,3,1,5,2,3,1,0,3,6,5,49
1082,1,3,3,1,0,4,2,1,2,0,1,3,4,2,3,3,33
1083,77,124,166,1,120,84,28,145,94,96,10,145,110,125,77,134,1536
1084,0,1,2,0,1,2,0,0,0,3,0,1,2,2,1,0,15
1085,1,1,1,0,1,2,2,2,0,2,1,1,2,0,0,1,17
1086,0,1,0,0,2,1,1,1,1,1,1,1,2,2,1,0,15
1087,59,109,149,0,105,74,13,124,79,80,0,128,91,111,63,122,1307
1088,2,3,2,0,2,3,2,0,0,5,1,2,4,2,1,1,30
1089,2,2,3,0,2,4,3,2,0,3,3,3,5,1,3,2,38
1090,1,4,1,1,4,2,2,2,2,1,1,1,3,2,3,3,33
1091,61,111,148,0,106,73,14,127,80,81,1,127,92,109,62,122,1314
1092,2,1,1,0,0,2,1,1,2,1,2,0,1,0,1,0,15
1093,4,1,3,0,2,1,2,1,1,0,0,0,2,2,2,0,21
1094,1,2,1,0,0,1,0,1,1,0,3,2,1,0,1,1,15
1095,41,95,129,0,90,58,1,107,59,67,0,109,80,89,46,105,1076
1096,2,1,1,0,1,5,1,1,2,3,2,2,2,1,2,1,27
1097,4,2,5,0,2,3,4,2,3,0,0,2,3,4,6,3,43
1098,1,2,2,0,1,2,2,2,1,2,3,3,3,2,2,2,30
1099,43,95,130,0,90,57,2,107,60,69,1,109,82,90,46,106,1087
1100,1,1,1,0,1,2,1,0,1,0,0,0,1,0,1,2,12
1101,3,2,1,0,3,3,1,2,1,1,0,1,1,3,0,1,23
1102,0,2,1,0,2,1,1,1,2,0,0,1,1,0,0,0,12
1103,27,77,115,0,72,44,0,90,41,50,0,91,67,72,32,90,868
1104,3,3,1,0,2,2,2,1,3,0,0,0,1,1,2,3,24
1105,5,3,1,0,5,4,1,3,2,2,0,2,2,3,2,2,37
1106,1,2,1,0,4,1,1,1,2,3,2,1,3,1,2,2,27
1107,27,77,115,0,74,46,1,91,42,50,2,92,67,71,35,91,881
1108,0,1,1,0,1,1,2,1,2,1,0,0,2,0,0,0,12
1109,3,1,1,0,1,0,0,2,0,0,0,3,0,1,0,1,13
1110,0,2,1,0,0,0,0,1,0,0,0,1,1,2,1,0,9
1111,13,62,95,0,62,29,0,71,27,31,0,71,50,52,18,74,655
1112,2,2,1,0,2,1,2,1,2,1,0,0,3,1,1,2,21
1113,3,2,4,0,1,2,0,2,1,0,0,4,1,2,1,2,25
1114,1,2,1,0,1,0,2,2,0,1,2,2,2,4,3,1,24
1115,14,64,97,0,62,27,1,71,27,32,0,71,49,53,19,74,661
1116,0,0,1,0,0,1,0,0,0,1,0,1,1,0,2,2,9
1117,2,1,1,0,0,1,0,2,0,0,0,1,2,0,0,1,11
1118,1,0,0,0,0,1,0,1,0,0,0,0,3,1,1,1,9
1119,1,47,80,0,42,6,0,51,8,11,0,54,30,36,1,56,423
1120,1,0,2,0,1,3,0,1,0,1,0,1,2,0,4,2,18
1121,3,3,3,0,2,4,0,2,2,1,0,1,3,0,0,2,26
1122,2,2,0,0,0,2,0,3,1,1,2,1,4,2,2,1,23
1123,2,48,81,0,44,6,1,52,9,12,0,54,31,36,1,56,433
1124,1,1,0,0,0,0,0,1,1,0,0,0,1,2,1,1,9
1125,1,2,2,0,1,0,0,1,1,0,0,1,0,0,1,1,11
1126,1,1,2,0,0,1,0,0,1,1,0,1,0,0,0,1,9
1127,1,29,63,0,24,0,0,34,1,2,0,33,17,15,0,36,255
1128,1,1,1,0,0,1,0,1,1,1,0,1,1,3,2,3,17
1129,1,3,3,0,1,0,0,3,1,1,0,2,0,0,2,1,18
1130,3,2,2,0,0,1,0,0,2,2,1,3,1,1,1,2,21
1131,2,29,63,0,24,0,0,34,3,4,0,34,18,15,1,37,264
1132,0,1,1,0,1,0,0,0,0,1,0,1,1,0,0,0,6
1133,0,0,0,0,0,0,0,0,0,0,0,1,1,1,0,2,5
1134,0,0,0,0,0,0,0,0,0,0,0,0,0,0,0,0,0
1135,0,11,45,0,1,0,0,13,0,0,0,16,0,0,0,18,104
1136,0,1,1,0,1,0,0,0,0,1,0,1,1,0,0,0,6
1137,0,0,0,0,0,0,0,0,0,0,0,1,1,1,0,2,5
1138,2,1,0,0,0,0,0,2,1,1,0,1,0,1,0,0,9
1139,0,11,45,0,1,0,0,15,0,1,0,16,0,1,1,18,109
1140,0,0,0,0,0,0,0,0,0,0,0,0,0,0,0,0,0
1141,0,0,0,0,0,0,0,0,0,0,0,0,0,0,0,0,0
1142,0,0,0,0,0,0,0,0,0,0,0,0,0,0,0,0,0
1143,0,0,22,0,0,0,0,0,0,0,0,0,0,0,0,0,22
1144,0,0,0,0,0,0,0,0,0,0,0,0,0,0,0,0,0
1145,0,0,0,0,0,0,0,0,0,0,0,0,0,0,0,0,0
1146,0,0,0,0,0,0,0,0,0,0,0,0,0,0,0,0,0
1147,0,0,22,0,0,0,0,0,0,0,0,0,0,0,0,0,22
1148,0,0,0,0,0,0,0,0,0,0,0,0,0,0,0,0,0
1149,0,0,0,0,0,0,0,0,0,0,0,0,0,0,0,0,0
1150,0,0,0,0,0,0,0,0,0,0,0,0,0,0,0,0,0
1151,0,0,0,0,0,0,0,0,0,0,0,0,0,0,0,0,0
1152,0,0,0,0,0,0,0,0,0,0,0,0,0,0,0,0,0
1153,0,0,0,0,0,0,0,0,0,0,0,0,0,0,0,0,0
1154,0,0,0,0,0,0,0,0,0,0,0,0,0,0,0,0,0
1155,0,0,0,0,0,0,0,0,0,0,0,0,0,0,0,0,0
1156,0,0,0,0,0,0,0,0,0,0,0,0,0,0,0,0,0
1157,0,0,0,0,0,0,0,0,0,0,0,0,0,0,0,0,0
1158,0,0,0,0,0,0,0,0,0,0,0,0,0,0,0,0,0
1159,0,0,0,0,0,0,0,0,0,0,0,0,0,0,0,0,0
0,0,0,0,0,0,0,0,0,0,0,0,0,0,0,0,0,0
0,0,0,0,0,0,0,0,0,0,0,0,0,0,0,0,0,0
0,0,0,0,0,0,0,0,0,0,0,0,0,0,0,0,0,0
0,0,0,0,0,0,0,0,0,0,0,0,0,0,0,0,0,0
0,0,0,0,0,0,0,0,0,0,0,0,0,0,0,0,0,0
0,0,0,0,0,0,0,0,0,0,0,0,0,0,0,0,0,0
0,0,0,0,0,0,0,0,0,0,0,0,0,0,0,0,0,0
0,0,0,0,0,0,0,0,0,0,0,0,0,0,0,0,0,0
0,0,0,0,0,0,0,0,0,0,0,0,0,0,0,0,0,0
0,0,0,0,0,0,0,0,0,0,0,0,0,0,0,0,0,0
0,0,0,0,0,0,0,0,0,0,0,0,0,0,0,0,0,0
0,0,0,0,0,0,0,0,0,0,0,0,0,0,0,0,0,0
0,0,0,0,0,0,0,0,0,0,0,0,0,0,0,0,0,0
0,0,0,0,0,0,0,0,0,0,0,0,0,0,0,0,0,0
0,0,0,0,0,0,0,0,0,0,0,0,0,0,0,0,0,0
0,0,0,0,0,0,0,0,0,0,0,0,0,0,0,0,0,0
0,0,0,0,0,0,0,0,0,0,0,0,0,0,0,0,0,0
0,0,0,0,0,0,0,0,0,0,0,0,0,0,0,0,0,0
0,0,0,0,0,0,0,0,0,0,0,0,0,0,0,0,0,0
0,0,0,0,0,0,0,0,0,0,0,0,0,0,0,0,0,0
0,0,0,0,0,0,0,0,0,0,0,0,0,0,0,0,0,0
0,0,0,0,0,0,0,0,0,0,0,0,0,0,0,0,0,0
0,0,0,0,0,0,0,0,0,0,0,0,0,0,0,0,0,0
0,0,0,0,0,0,0,0,0,0,0,0,0,0,0,0,0,0
0,0,0,0,0,0,0,0,0,0,0,0,0,0,0,0,0,0
0,0,0,0,0,0,0,0,0,0,0,0,0,0,0,0,0,0
0,0,0,0,0,0,0,0,0,0,0,0,0,0,0,0,0,0
0,0,0,0,0,0,0,0,0,0,0,0,0,0,0,0,0,0
0,0,0,0,0,0,0,0,0,0,0,0,0,0,0,0,0,0
0,0,0,0,0,0,0,0,0,0,0,0,0,0,0,0,0,0
0,0,0,0,0,0,0,0,0,0,0,0,0,0,0,0,0,0
0,0,0,0,0,0,0,0,0,0,0,0,0,0,0,0,0,0
0,0,0,0,0,0,0,0,0,0,0,0,0,0,0,0,0,0
0,0,0,0,0,0,0,0,0,0,0,0,0,0,0,0,0,0
0,0,0,0,0,0,0,0,0,0,0,0,0,0,0,0,0,0
0,0,0,0,0,0,0,0,0,0,0,0,0,0,0,0,0,0
0,0,0,0,0,0,0,0,0,0,0,0,0,0,0,0,0,0
0,0,0,0,0,0,0,0,0,0,0,0,0,0,0,0,0,0
0,0,0,0,0,0,0,0,0,0,0,0,0,0,0,0,0,0
0,0,0,0,0,0,0,0,0,0,0,0,0,0,0,0,0,0
0,0,0,0,0,0,0,0,0,0,0,0,0,0,0,0,0,0
0,0,0,0,0,0,0,0,0,0,0,0,0,0,0,0,0,0
0,0,0,0,0,0,0,0,0,0,0,0,0,0,0,0,0,0
0,0,0,0,0,0,0,0,0,0,0,0,0,0,0,0,0,0
0,0,0,0,0,0,0,0,0,0,0,0,0,0,0,0,0,0
0,0,0,0,0,0,0,0,0,0,0,0,0,0,0,0,0,0
0,0,0,0,0,0,0,0,0,0,0,0,0,0,0,0,0,0
0,0,0,0,0,0,0,0,0,0,0,0,0,0,0,0,0,0
0,0,0,0,0,0,0,0,0,0,0,0,0,0,0,0,0,0
0,0,0,0,0,0,0,0,0,0,0,0,0,0,0,0,0,0
0,0,0,0,0,0,0,0,0,0,0,0,0,0,0,0,0,0
0,0,0,0,0,0,0,0,0,0,0,0,0,0,0,0,0,0
0,0,0,0,0,0,0,0,0,0,0,0,0,0,0,0,0,0
0,0,0,0,0,0,0,0,0,0,0,0,0,0,0,0,0,0
0,0,0,0,0,0,0,0,0,0,0,0,0,0,0,0,0,0
0,0,0,0,0,0,0,0,0,0,0,0,0,0,0,0,0,0
0,0,0,0,0,0,0,0,0,0,0,0,0,0,0,0,0,0
0,0,0,0,0,0,0,0,0,0,0,0,0,0,0,0,0,0
0,0,0,0,0,0,0,0,0,0,0,0,0,0,0,0,0,0
0,0,0,0,0,0,0,0,0,0,0,0,0,0,0,0,0,0
0,0,0,0,0,0,0,0,0,0,0,0,0,0,0,0,0,0
0,0,0,0,0,0,0,0,0,0,0,0,0,0,0,0,0,0
0,0,0,0,0,0,0,0,0,0,0,0,0,0,0,0,0,0
0,0,0,0,0,0,0,0,0,0,0,0,0,0,0,0,0,0
0,0,0,0,0,0,0,0,0,0,0,0,0,0,0,0,0,0
0,0,0,0,0,0,0,0,0,0,0,0,0,0,0,0,0,0
0,0,0,0,0,0,0,0,0,0,0,0,0,0,0,0,0,0
0,0,0,0,0,0,0,0,0,0,0,0,0,0,0,0,0,0
0,0,0,0,0,0,0,0,0,0,0,0,0,0,0,0,0,0
0,0,0,0,0,0,0,0,0,0,0,0,0,0,0,0,0,0
0,0,0,0,0,0,0,0,0,0,0,0,0,0,0,0,0,0
0,0,0,0,0,0,0,0,0,0,0,0,0,0,0,0,0,0
0,0,0,0,0,0,0,0,0,0,0,0,0,0,0,0,0,0
0,0,0,0,0,0,0,0,0,0,0,0,0,0,0,0,0,0
0,0,0,0,0,0,0,0,0,0,0,0,0,0,0,0,0,0
0,0,0,0,0,0,0,0,0,0,0,0,0,0,0,0,0,0
0,0,0,0,0,0,0,0,0,0,0,0,0,0,0,0,0,0
0,0,0,0,0,0,0,0,0,0,0,0,0,0,0,0,0,0
0,0,0,0,0,0,0,0,0,0,0,0,0,0,0,0,0,0
0,0,0,0,0,0,0,0,0,0,0,0,0,0,0,0,0,0
0,0,0,0,0,0,0,0,0,0,0,0,0,0,0,0,0,0
0,0,0,0,0,0,0,0,0,0,0,0,0,0,0,0,0,0
0,0,0,0,0,0,0,0,0,0,0,0,0,0,0,0,0,0
0,0,0,0,0,0,0,0,0,0,0,0,0,0,0,0,0,0
0,0,0,0,0,0,0,0,0,0,0,0,0,0,0,0,0,0
0,0,0,0,0,0,0,0,0,0,0,0,0,0,0,0,0,0
0,0,0,0,0,0,0,0,0,0,0,0,0,0,0,0,0,0
0,0,0,0,0,0,0,0,0,0,0,0,0,0,0,0,0,0
0,0,0,0,0,0,0,0,0,0,0,0,0,0,0,0,0,0
0,0,0,0,0,0,0,0,0,0,0,0,0,0,0,0,0,0
0,0,0,0,0,0,0,0,0,0,0,0,0,0,0,0,0,0
0,0,0,0,0,0,0,0,0,0,0,0,0,0,0,0,0,0
0,0,0,0,0,0,0,0,0,0,0,0,0,0,0,0,0,0
0,0,0,0,0,0,0,0,0,0,0,0,0,0,0,0,0,0
0,0,0,0,0,0,0,0,0,0,0,0,0,0,0,0,0,0
0,0,0,0,0,0,0,0,0,0,0,0,0,0,0,0,0,0
0,0,0,0,0,0,0,0,0,0,0,0,0,0,0,0,0,0
0,0,0,0,0,0,0,0,0,0,0,0,0,0,0,0,0,0
0,0,0,0,0,0,0,0,0,0,0,0,0,0,0,0,0,0
0,0,0,0,0,0,0,0,0,0,0,0,0,0,0,0,0,0
0,0,0,0,0,0,0,0,0,0,0,0,0,0,0,0,0,0
0,0,0,0,0,0,0,0,0,0,0,0,0,0,0,0,0,0
0,0,0,0,0,0,0,0,0,0,0,0,0,0,0,0,0,0
0,0,0,0,0,0,0,0,0,0,0,0,0,0,0,0,0,0
0,0,0,0,0,0,0,0,0,0,0,0,0,0,0,0,0,0
0,0,0,0,0,0,0,0,0,0,0,0,0,0,0,0,0,0
0,0,0,0,0,0,0,0,0,0,0,0,0,0,0,0,0,0
0,0,0,0,0,0,0,0,0,0,0,0,0,0,0,0,0,0
0,0,0,0,0,0,0,0,0,0,0,0,0,0,0,0,0,0
0,0,0,0,0,0,0,0,0,0,0,0,0,0,0,0,0,0
0,0,0,0,0,0,0,0,0,0,0,0,0,0,0,0,0,0
0,0,0,0,0,0,0,0,0,0,0,0,0,0,0,0,0,0
0,0,0,0,0,0,0,0,0,0,0,0,0,0,0,0,0,0
0,0,0,0,0,0,0,0,0,0,0,0,0,0,0,0,0,0
0,0,0,0,0,0,0,0,0,0,0,0,0,0,0,0,0,0
0,0,0,0,0,0,0,0,0,0,0,0,0,0,0,0,0,0
0,0,0,0,0,0,0,0,0,0,0,0,0,0,0,0,0,0
0,0,0,0,0,0,0,0,0,0,0,0,0,0,0,0,0,0
0,0,0,0,0,0,0,0,0,0,0,0,0,0,0,0,0,0
0,0,0,0,0,0,0,0,0,0,0,0,0,0,0,0,0,0
0,0,0,0,0,0,0,0,0,0,0,0,0,0,0,0,0,0
0,0,0,0,0,0,0,0,0,0,0,0,0,0,0,0,0,0
0,0,0,0,0,0,0,0,0,0,0,0,0,0,0,0,0,0
0,0,0,0,0,0,0,0,0,0,0,0,0,0,0,0,0,0
0,0,0,0,0,0,0,0,0,0,0,0,0,0,0,0,0,0
0,0,0,0,0,0,0,0,0,0,0,0,0,0,0,0,0,0
0,0,0,0,0,0,0,0,0,0,0,0,0,0,0,0,0,0
0,0,0,0,0,0,0,0,0,0,0,0,0,0,0,0,0,0
0,0,0,0,0,0,0,0,0,0,0,0,0,0,0,0,0,0
0,0,0,0,0,0,0,0,0,0,0,0,0,0,0,0,0,0
0,0,0,0,0,0,0,0,0,0,0,0,0,0,0,0,0,0
0,0,0,0,0,0,0,0,0,0,0,0,0,0,0,0,0,0
0,0,0,0,0,0,0,0,0,0,0,0,0,0,0,0,0,0
0,0,0,0,0,0,0,0,0,0,0,0,0,0,0,0,0,0
0,0,0,0,0,0,0,0,0,0,0,0,0,0,0,0,0,0
0,0,0,0,0,0,0,0,0,0,0,0,0,0,0,0,0,0
0,0,0,0,0,0,0,0,0,0,0,0,0,0,0,0,0,0
0,0,0,0,0,0,0,0,0,0,0,0,0,0,0,0,0,0
0,0,0,0,0,0,0,0,0,0,0,0,0,0,0,0,0,0
0,0,0,0,0,0,0,0,0,0,0,0,0,0,0,0,0,0
0,0,0,0,0,0,0,0,0,0,0,0,0,0,0,0,0,0
0,0,0,0,0,0,0,0,0,0,0,0,0,0,0,0,0,0
0,0,0,0,0,0,0,0,0,0,0,0,0,0,0,0,0,0
0,0,0,0,0,0,0,0,0,0,0,0,0,0,0,0,0,0
0,0,0,0,0,0,0,0,0,0,0,0,0,0,0,0,0,0
0,0,0,0,0,0,0,0,0,0,0,0,0,0,0,0,0,0
0,0,0,0,0,0,0,0,0,0,0,0,0,0,0,0,0,0
0,0,0,0,0,0,0,0,0,0,0,0,0,0,0,0,0,0
0,0,0,0,0,0,0,0,0,0,0,0,0,0,0,0,0,0
0,0,0,0,0,0,0,0,0,0,0,0,0,0,0,0,0,0
0,0,0,0,0,0,0,0,0,0,0,0,0,0,0,0,0,0
0,0,0,0,0,0,0,0,0,0,0,0,0,0,0,0,0,0
0,0,0,0,0,0,0,0,0,0,0,0,0,0,0,0,0,0
0,0,0,0,0,0,0,0,0,0,0,0,0,0,0,0,0,0
0,0,0,0,0,0,0,0,0,0,0,0,0,0,0,0,0,0
0,0,0,0,0,0,0,0,0,0,0,0,0,0,0,0,0,0
0,0,0,0,0,0,0,0,0,0,0,0,0,0,0,0,0,0
0,0,0,0,0,0,0,0,0,0,0,0,0,0,0,0,0,0
0,0,0,0,0,0,0,0,0,0,0,0,0,0,0,0,0,0
0,0,0,0,0,0,0,0,0,0,0,0,0,0,0,0,0,0
0,0,0,0,0,0,0,0,0,0,0,0,0,0,0,0,0,0
0,0,0,0,0,0,0,0,0,0,0,0,0,0,0,0,0,0
0,0,0,0,0,0,0,0,0,0,0,0,0,0,0,0,0,0
0,0,0,0,0,0,0,0,0,0,0,0,0,0,0,0,0,0
0,0,0,0,0,0,0,0,0,0,0,0,0,0,0,0,0,0
0,0,0,0,0,0,0,0,0,0,0,0,0,0,0,0,0,0
0,0,0,0,0,0,0,0,0,0,0,0,0,0,0,0,0,0
0,0,0,0,0,0,0,0,0,0,0,0,0,0,0,0,0,0
0,0,0,0,0,0,0,0,0,0,0,0,0,0,0,0,0,0
0,0,0,0,0,0,0,0,0,0,0,0,0,0,0,0,0,0
0,0,0,0,0,0,0,0,0,0,0,0,0,0,0,0,0,0
0,0,0,0,0,0,0,0,0,0,0,0,0,0,0,0,0,0
0,0,0,0,0,0,0,0,0,0,0,0,0,0,0,0,0,0
0,0,0,0,0,0,0,0,0,0,0,0,0,0,0,0,0,0
0,0,0,0,0,0,0,0,0,0,0,0,0,0,0,0,0,0
0,0,0,0,0,0,0,0,0,0,0,0,0,0,0,0,0,0
0,0,0,0,0,0,0,0,0,0,0,0,0,0,0,0,0,0
0,0,0,0,0,0,0,0,0,0,0,0,0,0,0,0,0,0
0,0,0,0,0,0,0,0,0,0,0,0,0,0,0,0,0,0
0,0,0,0,0,0,0,0,0,0,0,0,0,0,0,0,0,0
0,0,0,0,0,0,0,0,0,0,0,0,0,0,0,0,0,0
0,0,0,0,0,0,0,0,0,0,0,0,0,0,0,0,0,0
0,0,0,0,0,0,0,0,0,0,0,0,0,0,0,0,0,0
0,0,0,0,0,0,0,0,0,0,0,0,0,0,0,0,0,0
0,0,0,0,0,0,0,0,0,0,0,0,0,0,0,0,0,0
0,0,0,0,0,0,0,0,0,0,0,0,0,0,0,0,0,0
0,0,0,0,0,0,0,0,0,0,0,0,0,0,0,0,0,0
0,0,0,0,0,0,0,0,0,0,0,0,0,0,0,0,0,0
0,0,0,0,0,0,0,0,0,0,0,0,0,0,0,0,0,0
0,0,0,0,0,0,0,0,0,0,0,0,0,0,0,0,0,0
0,0,0,0,0,0,0,0,0,0,0,0,0,0,0,0,0,0
0,0,0,0,0,0,0,0,0,0,0,0,0,0,0,0,0,0
0,0,0,0,0,0,0,0,0,0,0,0,0,0,0,0,0,0
0,0,0,0,0,0,0,0,0,0,0,0,0,0,0,0,0,0
0,0,0,0,0,0,0,0,0,0,0,0,0,0,0,0,0,0
0,0,0,0,0,0,0,0,0,0,0,0,0,0,0,0,0,0
0,0,0,0,0,0,0,0,0,0,0,0,0,0,0,0,0,0
0,0,0,0,0,0,0,0,0,0,0,0,0,0,0,0,0,0
0,0,0,0,0,0,0,0,0,0,0,0,0,0,0,0,0,0
0,0,0,0,0,0,0,0,0,0,0,0,0,0,0,0,0,0
0,0,0,0,0,0,0,0,0,0,0,0,0,0,0,0,0,0
0,0,0,0,0,0,0,0,0,0,0,0,0,0,0,0,0,0
0,0,0,0,0,0,0,0,0,0,0,0,0,0,0,0,0,0
0,0,0,0,0,0,0,0,0,0,0,0,0,0,0,0,0,0
0,0,0,0,0,0,0,0,0,0,0,0,0,0,0,0,0,0
0,0,0,0,0,0,0,0,0,0,0,0,0,0,0,0,0,0
0,0,0,0,0,0,0,0,0,0,0,0,0,0,0,0,0,0
0,0,0,0,0,0,0,0,0,0,0,0,0,0,0,0,0,0
0,0,0,0,0,0,0,0,0,0,0,0,0,0,0,0,0,0
0,0,0,0,0,0,0,0,0,0,0,0,0,0,0,0,0,0
0,0,0,0,0,0,0,0,0,0,0,0,0,0,0,0,0,0
0,0,0,0,0,0,0,0,0,0,0,0,0,0,0,0,0,0
0,0,0,0,0,0,0,0,0,0,0,0,0,0,0,0,0,0
0,0,0,0,0,0,0,0,0,0,0,0,0,0,0,0,0,0
0,0,0,0,0,0,0,0,0,0,0,0,0,0,0,0,0,0
0,0,0,0,0,0,0,0,0,0,0,0,0,0,0,0,0,0
0,0,0,0,0,0,0,0,0,0,0,0,0,0,0,0,0,0
0,0,0,0,0,0,0,0,0,0,0,0,0,0,0,0,0,0
0,0,0,0,0,0,0,0,0,0,0,0,0,0,0,0,0,0
0,0,0,0,0,0,0,0,0,0,0,0,0,0,0,0,0,0
0,0,0,0,0,0,0,0,0,0,0,0,0,0,0,0,0,0
0,0,0,0,0,0,0,0,0,0,0,0,0,0,0,0,0,0
0,0,0,0,0,0,0,0,0,0,0,0,0,0,0,0,0,0
0,0,0,0,0,0,0,0,0,0,0,0,0,0,0,0,0,0
0,0,0,0,0,0,0,0,0,0,0,0,0,0,0,0,0,0
0,0,0,0,0,0,0,0,0,0,0,0,0,0,0,0,0,0
0,0,0,0,0,0,0,0,0,0,0,0,0,0,0,0,0,0
0,0,0,0,0,0,0,0,0,0,0,0,0,0,0,0,0,0
0,0,0,0,0,0,0,0,0,0,0,0,0,0,0,0,0,0
0,0,0,0,0,0,0,0,0,0,0,0,0,0,0,0,0,0
0,0,0,0,0,0,0,0,0,0,0,0,0,0,0,0,0,0
0,0,0,0,0,0,0,0,0,0,0,0,0,0,0,0,0,0
0,0,0,0,0,0,0,0,0,0,0,0,0,0,0,0,0,0
0,0,0,0,0,0,0,0,0,0,0,0,0,0,0,0,0,0
0,0,0,0,0,0,0,0,0,0,0,0,0,0,0,0,0,0
0,0,0,0,0,0,0,0,0,0,0,0,0,0,0,0,0,0
0,0,0,0,0,0,0,0,0,0,0,0,0,0,0,0,0,0
0,0,0,0,0,0,0,0,0,0,0,0,0,0,0,0,0,0
0,0,0,0,0,0,0,0,0,0,0,0,0,0,0,0,0,0
0,0,0,0,0,0,0,0,0,0,0,0,0,0,0,0,0,0
0,0,0,0,0,0,0,0,0,0,0,0,0,0,0,0,0,0
0,0,0,0,0,0,0,0,0,0,0,0,0,0,0,0,0,0
0,0,0,0,0,0,0,0,0,0,0,0,0,0,0,0,0,0
0,0,0,0,0,0,0,0,0,0,0,0,0,0,0,0,0,0
0,0,0,0,0,0,0,0,0,0,0,0,0,0,0,0,0,0
0,0,0,0,0,0,0,0,0,0,0,0,0,0,0,0,0,0
0,0,0,0,0,0,0,0,0,0,0,0,0,0,0,0,0,0
0,0,0,0,0,0,0,0,0,0,0,0,0,0,0,0,0,0
0,0,0,0,0,0,0,0,0,0,0,0,0,0,0,0,0,0
0,0,0,0,0,0,0,0,0,0,0,0,0,0,0,0,0,0
0,0,0,0,0,0,0,0,0,0,0,0,0,0,0,0,0,0
0,0,0,0,0,0,0,0,0,0,0,0,0,0,0,0,0,0
0,0,0,0,0,0,0,0,0,0,0,0,0,0,0,0,0,0
0,0,0,0,0,0,0,0,0,0,0,0,0,0,0,0,0,0
0,0,0,0,0,0,0,0,0,0,0,0,0,0,0,0,0,0
0,0,0,0,0,0,0,0,0,0,0,0,0,0,0,0,0,0
0,0,0,0,0,0,0,0,0,0,0,0,0,0,0,0,0,0
0,0,0,0,0,0,0,0,0,0,0,0,0,0,0,0,0,0
0,0,0,0,0,0,0,0,0,0,0,0,0,0,0,0,0,0
0,0,0,0,0,0,0,0,0,0,0,0,0,0,0,0,0,0
0,0,0,0,0,0,0,0,0,0,0,0,0,0,0,0,0,0
0,0,0,0,0,0,0,0,0,0,0,0,0,0,0,0,0,0
0,0,0,0,0,0,0,0,0,0,0,0,0,0,0,0,0,0
0,0,0,0,0,0,0,0,0,0,0,0,0,0,0,0,0,0
0,0,0,0,0,0,0,0,0,0,0,0,0,0,0,0,0,0
0,0,0,0,0,0,0,0,0,0,0,0,0,0,0,0,0,0
0,0,0,0,0,0,0,0,0,0,0,0,0,0,0,0,0,0
0,0,0,0,0,0,0,0,0,0,0,0,0,0,0,0,0,0
0,0,0,0,0,0,0,0,0,0,0,0,0,0,0,0,0,0
0,0,0,0,0,0,0,0,0,0,0,0,0,0,0,0,0,0
0,0,0,0,0,0,0,0,0,0,0,0,0,0,0,0,0,0
0,0,0,0,0,0,0,0,0,0,0,0,0,0,0,0,0,0
0,0,0,0,0,0,0,0,0,0,0,0,0,0,0,0,0,0
0,0,0,0,0,0,0,0,0,0,0,0,0,0,0,0,0,0
0,0,0,0,0,0,0,0,0,0,0,0,0,0,0,0,0,0
0,0,0,0,0,0,0,0,0,0,0,0,0,0,0,0,0,0
0,0,0,0,0,0,0,0,0,0,0,0,0,0,0,0,0,0
0,0,0,0,0,0,0,0,0,0,0,0,0,0,0,0,0,0
0,0,0,0,0,0,0,0,0,0,0,0,0,0,0,0,0,0
0,0,0,0,0,0,0,0,0,0,0,0,0,0,0,0,0,0
0,0,0,0,0,0,0,0,0,0,0,0,0,0,0,0,0,0
0,0,0,0,0,0,0,0,0,0,0,0,0,0,0,0,0,0
0,0,0,0,0,0,0,0,0,0,0,0,0,0,0,0,0,0
0,0,0,0,0,0,0,0,0,0,0,0,0,0,0,0,0,0
0,0,0,0,0,0,0,0,0,0,0,0,0,0,0,0,0,0
0,0,0,0,0,0,0,0,0,0,0,0,0,0,0,0,0,0
0,0,0,0,0,0,0,0,0,0,0,0,0,0,0,0,0,0
0,0,0,0,0,0,0,0,0,0,0,0,0,0,0,0,0,0
0,0,0,0,0,0,0,0,0,0,0,0,0,0,0,0,0,0
0,0,0,0,0,0,0,0,0,0,0,0,0,0,0,0,0,0
0,0,0,0,0,0,0,0,0,0,0,0,0,0,0,0,0,0
0,0,0,0,0,0,0,0,0,0,0,0,0,0,0,0,0,0
0,0,0,0,0,0,0,0,0,0,0,0,0,0,0,0,0,0
0,0,0,0,0,0,0,0,0,0,0,0,0,0,0,0,0,0
0,0,0,0,0,0,0,0,0,0,0,0,0,0,0,0,0,0
0,0,0,0,0,0,0,0,0,0,0,0,0,0,0,0,0,0
0,0,0,0,0,0,0,0,0,0,0,0,0,0,0,0,0,0
0,0,0,0,0,0,0,0,0,0,0,0,0,0,0,0,0,0
0,0,0,0,0,0,0,0,0,0,0,0,0,0,0,0,0,0
0,0,0,0,0,0,0,0,0,0,0,0,0,0,0,0,0,0
0,0,0,0,0,0,0,0,0,0,0,0,0,0,0,0,0,0
0,0,0,0,0,0,0,0,0,0,0,0,0,0,0,0,0,0
0,0,0,0,0,0,0,0,0,0,0,0,0,0,0,0,0,0
0,0,0,0,0,0,0,0,0,0,0,0,0,0,0,0,0,0
0,0,0,0,0,0,0,0,0,0,0,0,0,0,0,0,0,0
0,0,0,0,0,0,0,0,0,0,0,0,0,0,0,0,0,0
0,0,0,0,0,0,0,0,0,0,0,0,0,0,0,0,0,0
0,0,0,0,0,0,0,0,0,0,0,0,0,0,0,0,0,0
0,0,0,0,0,0,0,0,0,0,0,0,0,0,0,0,0,0
0,0,0,0,0,0,0,0,0,0,0,0,0,0,0,0,0,0
0,0,0,0,0,0,0,0,0,0,0,0,0,0,0,0,0,0
0,0,0,0,0,0,0,0,0,0,0,0,0,0,0,0,0,0
0,0,0,0,0,0,0,0,0,0,0,0,0,0,0,0,0,0
0,0,0,0,0,0,0,0,0,0,0,0,0,0,0,0,0,0
0,0,0,0,0,0,0,0,0,0,0,0,0,0,0,0,0,0
0,0,0,0,0,0,0,0,0,0,0,0,0,0,0,0,0,0
0,0,0,0,0,0,0,0,0,0,0,0,0,0,0,0,0,0
0,0,0,0,0,0,0,0,0,0,0,0,0,0,0,0,0,0
0,0,0,0,0,0,0,0,0,0,0,0,0,0,0,0,0,0
0,0,0,0,0,0,0,0,0,0,0,0,0,0,0,0,0,0
0,0,0,0,0,0,0,0,0,0,0,0,0,0,0,0,0,0
0,0,0,0,0,0,0,0,0,0,0,0,0,0,0,0,0,0
0,0,0,0,0,0,0,0,0,0,0,0,0,0,0,0,0,0
0,0,0,0,0,0,0,0,0,0,0,0,0,0,0,0,0,0
0,0,0,0,0,0,0,0,0,0,0,0,0,0,0,0,0,0
0,0,0,0,0,0,0,0,0,0,0,0,0,0,0,0,0,0
0,0,0,0,0,0,0,0,0,0,0,0,0,0,0,0,0,0
0,0,0,0,0,0,0,0,0,0,0,0,0,0,0,0,0,0
0,0,0,0,0,0,0,0,0,0,0,0,0,0,0,0,0,0
0,0,0,0,0,0,0,0,0,0,0,0,0,0,0,0,0,0
0,0,0,0,0,0,0,0,0,0,0,0,0,0,0,0,0,0
0,0,0,0,0,0,0,0,0,0,0,0,0,0,0,0,0,0
0,0,0,0,0,0,0,0,0,0,0,0,0,0,0,0,0,0
0,0,0,0,0,0,0,0,0,0,0,0,0,0,0,0,0,0
0,0,0,0,0,0,0,0,0,0,0,0,0,0,0,0,0,0
0,0,0,0,0,0,0,0,0,0,0,0,0,0,0,0,0,0
0,0,0,0,0,0,0,0,0,0,0,0,0,0,0,0,0,0
0,0,0,0,0,0,0,0,0,0,0,0,0,0,0,0,0,0
0,0,0,0,0,0,0,0,0,0,0,0,0,0,0,0,0,0
0,0,0,0,0,0,0,0,0,0,0,0,0,0,0,0,0,0
0,0,0,0,0,0,0,0,0,0,0,0,0,0,0,0,0,0
0,0,0,0,0,0,0,0,0,0,0,0,0,0,0,0,0,0
0,0,0,0,0,0,0,0,0,0,0,0,0,0,0,0,0,0
0,0,0,0,0,0,0,0,0,0,0,0,0,0,0,0,0,0
0,0,0,0,0,0,0,0,0,0,0,0,0,0,0,0,0,0
0,0,0,0,0,0,0,0,0,0,0,0,0,0,0,0,0,0
0,0,0,0,0,0,0,0,0,0,0,0,0,0,0,0,0,0
0,0,0,0,0,0,0,0,0,0,0,0,0,0,0,0,0,0
0,0,0,0,0,0,0,0,0,0,0,0,0,0,0,0,0,0
0,0,0,0,0,0,0,0,0,0,0,0,0,0,0,0,0,0
0,0,0,0,0,0,0,0,0,0,0,0,0,0,0,0,0,0
0,0,0,0,0,0,0,0,0,0,0,0,0,0,0,0,0,0
0,0,0,0,0,0,0,0,0,0,0,0,0,0,0,0,0,0
0,0,0,0,0,0,0,0,0,0,0,0,0,0,0,0,0,0
0,0,0,0,0,0,0,0,0,0,0,0,0,0,0,0,0,0
0,0,0,0,0,0,0,0,0,0,0,0,0,0,0,0,0,0
0,0,0,0,0,0,0,0,0,0,0,0,0,0,0,0,0,0
0,0,0,0,0,0,0,0,0,0,0,0,0,0,0,0,0,0
0,0,0,0,0,0,0,0,0,0,0,0,0,0,0,0,0,0
0,0,0,0,0,0,0,0,0,0,0,0,0,0,0,0,0,0
0,0,0,0,0,0,0,0,0,0,0,0,0,0,0,0,0,0
0,0,0,0,0,0,0,0,0,0,0,0,0,0,0,0,0,0
0,0,0,0,0,0,0,0,0,0,0,0,0,0,0,0,0,0
0,0,0,0,0,0,0,0,0,0,0,0,0,0,0,0,0,0
0,0,0,0,0,0,0,0,0,0,0,0,0,0,0,0,0,0
0,0,0,0,0,0,0,0,0,0,0,0,0,0,0,0,0,0
0,0,0,0,0,0,0,0,0,0,0,0,0,0,0,0,0,0
0,0,0,0,0,0,0,0,0,0,0,0,0,0,0,0,0,0
0,0,0,0,0,0,0,0,0,0,0,0,0,0,0,0,0,0
0,0,0,0,0,0,0,0,0,0,0,0,0,0,0,0,0,0
0,0,0,0,0,0,0,0,0,0,0,0,0,0,0,0,0,0
0,0,0,0,0,0,0,0,0,0,0,0,0,0,0,0,0,0
0,0,0,0,0,0,0,0,0,0,0,0,0,0,0,0,0,0
0,0,0,0,0,0,0,0,0,0,0,0,0,0,0,0,0,0
0,0,0,0,0,0,0,0,0,0,0,0,0,0,0,0,0,0
0,0,0,0,0,0,0,0,0,0,0,0,0,0,0,0,0,0
0,0,0,0,0,0,0,0,0,0,0,0,0,0,0,0,0,0
0,0,0,0,0,0,0,0,0,0,0,0,0,0,0,0,0,0
0,0,0,0,0,0,0,0,0,0,0,0,0,0,0,0,0,0
0,0,0,0,0,0,0,0,0,0,0,0,0,0,0,0,0,0
0,0,0,0,0,0,0,0,0,0,0,0,0,0,0,0,0,0
0,0,0,0,0,0,0,0,0,0,0,0,0,0,0,0,0,0
0,0,0,0,0,0,0,0,0,0,0,0,0,0,0,0,0,0
0,0,0,0,0,0,0,0,0,0,0,0,0,0,0,0,0,0
0,0,0,0,0,0,0,0,0,0,0,0,0,0,0,0,0,0
0,0,0,0,0,0,0,0,0,0,0,0,0,0,0,0,0,0
0,0,0,0,0,0,0,0,0,0,0,0,0,0,0,0,0,0
0,0,0,0,0,0,0,0,0,0,0,0,0,0,0,0,0,0
0,0,0,0,0,0,0,0,0,0,0,0,0,0,0,0,0,0
0,0,0,0,0,0,0,0,0,0,0,0,0,0,0,0,0,0
0,0,0,0,0,0,0,0,0,0,0,0,0,0,0,0,0,0
0,0,0,0,0,0,0,0,0,0,0,0,0,0,0,0,0,0
0,0,0,0,0,0,0,0,0,0,0,0,0,0,0,0,0,0
0,0,0,0,0,0,0,0,0,0,0,0,0,0,0,0,0,0
0,0,0,0,0,0,0,0,0,0,0,0,0,0,0,0,0,0
0,0,0,0,0,0,0,0,0,0,0,0,0,0,0,0,0,0
0,0,0,0,0,0,0,0,0,0,0,0,0,0,0,0,0,0
0,0,0,0,0,0,0,0,0,0,0,0,0,0,0,0,0,0
0,0,0,0,0,0,0,0,0,0,0,0,0,0,0,0,0,0
0,0,0,0,0,0,0,0,0,0,0,0,0,0,0,0,0,0
0,0,0,0,0,0,0,0,0,0,0,0,0,0,0,0,0,0
0,0,0,0,0,0,0,0,0,0,0,0,0,0,0,0,0,0
0,0,0,0,0,0,0,0,0,0,0,0,0,0,0,0,0,0
0,0,0,0,0,0,0,0,0,0,0,0,0,0,0,0,0,0
0,0,0,0,0,0,0,0,0,0,0,0,0,0,0,0,0,0
0,0,0,0,0,0,0,0,0,0,0,0,0,0,0,0,0,0
0,0,0,0,0,0,0,0,0,0,0,0,0,0,0,0,0,0
0,0,0,0,0,0,0,0,0,0,0,0,0,0,0,0,0,0
0,0,0,0,0,0,0,0,0,0,0,0,0,0,0,0,0,0
0,0,0,0,0,0,0,0,0,0,0,0,0,0,0,0,0,0
0,0,0,0,0,0,0,0,0,0,0,0,0,0,0,0,0,0
0,0,0,0,0,0,0,0,0,0,0,0,0,0,0,0,0,0
0,0,0,0,0,0,0,0,0,0,0,0,0,0,0,0,0,0
0,0,0,0,0,0,0,0,0,0,0,0,0,0,0,0,0,0
0,0,0,0,0,0,0,0,0,0,0,0,0,0,0,0,0,0
0,0,0,0,0,0,0,0,0,0,0,0,0,0,0,0,0,0
0,0,0,0,0,0,0,0,0,0,0,0,0,0,0,0,0,0
0,0,0,0,0,0,0,0,0,0,0,0,0,0,0,0,0,0
0,0,0,0,0,0,0,0,0,0,0,0,0,0,0,0,0,0
0,0,0,0,0,0,0,0,0,0,0,0,0,0,0,0,0,0
0,0,0,0,0,0,0,0,0,0,0,0,0,0,0,0,0,0
0,0,0,0,0,0,0,0,0,0,0,0,0,0,0,0,0,0
0,0,0,0,0,0,0,0,0,0,0,0,0,0,0,0,0,0
0,0,0,0,0,0,0,0,0,0,0,0,0,0,0,0,0,0
0,0,0,0,0,0,0,0,0,0,0,0,0,0,0,0,0,0
0,0,0,0,0,0,0,0,0,0,0,0,0,0,0,0,0,0
0,0,0,0,0,0,0,0,0,0,0,0,0,0,0,0,0,0
0,0,0,0,0,0,0,0,0,0,0,0,0,0,0,0,0,0
0,0,0,0,0,0,0,0,0,0,0,0,0,0,0,0,0,0
0,0,0,0,0,0,0,0,0,0,0,0,0,0,0,0,0,0
0,0,0,0,0,0,0,0,0,0,0,0,0,0,0,0,0,0
0,0,0,0,0,0,0,0,0,0,0,0,0,0,0,0,0,0
0,0,0,0,0,0,0,0,0,0,0,0,0,0,0,0,0,0
0,0,0,0,0,0,0,0,0,0,0,0,0,0,0,0,0,0
0,0,0,0,0,0,0,0,0,0,0,0,0,0,0,0,0,0
0,0,0,0,0,0,0,0,0,0,0,0,0,0,0,0,0,0
0,0,0,0,0,0,0,0,0,0,0,0,0,0,0,0,0,0
0,0,0,0,0,0,0,0,0,0,0,0,0,0,0,0,0,0
0,0,0,0,0,0,0,0,0,0,0,0,0,0,0,0,0,0
0,0,0,0,0,0,0,0,0,0,0,0,0,0,0,0,0,0
0,0,0,0,0,0,0,0,0,0,0,0,0,0,0,0,0,0
0,0,0,0,0,0,0,0,0,0,0,0,0,0,0,0,0,0
0,0,0,0,0,0,0,0,0,0,0,0,0,0,0,0,0,0
0,0,0,0,0,0,0,0,0,0,0,0,0,0,0,0,0,0
0,0,0,0,0,0,0,0,0,0,0,0,0,0,0,0,0,0
0,0,0,0,0,0,0,0,0,0,0,0,0,0,0,0,0,0
0,0,0,0,0,0,0,0,0,0,0,0,0,0,0,0,0,0
0,0,0,0,0,0,0,0,0,0,0,0,0,0,0,0,0,0
0,0,0,0,0,0,0,0,0,0,0,0,0,0,0,0,0,0
0,0,0,0,0,0,0,0,0,0,0,0,0,0,0,0,0,0
0,0,0,0,0,0,0,0,0,0,0,0,0,0,0,0,0,0
0,0,0,0,0,0,0,0,0,0,0,0,0,0,0,0,0,0
0,0,0,0,0,0,0,0,0,0,0,0,0,0,0,0,0,0
0,0,0,0,0,0,0,0,0,0,0,0,0,0,0,0,0,0
0,0,0,0,0,0,0,0,0,0,0,0,0,0,0,0,0,0
0,0,0,0,0,0,0,0,0,0,0,0,0,0,0,0,0,0
0,0,0,0,0,0,0,0,0,0,0,0,0,0,0,0,0,0
0,0,0,0,0,0,0,0,0,0,0,0,0,0,0,0,0,0
0,0,0,0,0,0,0,0,0,0,0,0,0,0,0,0,0,0
0,0,0,0,0,0,0,0,0,0,0,0,0,0,0,0,0,0
0,0,0,0,0,0,0,0,0,0,0,0,0,0,0,0,0,0
0,0,0,0,0,0,0,0,0,0,0,0,0,0,0,0,0,0
0,0,0,0,0,0,0,0,0,0,0,0,0,0,0,0,0,0
0,0,0,0,0,0,0,0,0,0,0,0,0,0,0,0,0,0
0,0,0,0,0,0,0,0,0,0,0,0,0,0,0,0,0,0
0,0,0,0,0,0,0,0,0,0,0,0,0,0,0,0,0,0
0,0,0,0,0,0,0,0,0,0,0,0,0,0,0,0,0,0
0,0,0,0,0,0,0,0,0,0,0,0,0,0,0,0,0,0
0,0,0,0,0,0,0,0,0,0,0,0,0,0,0,0,0,0
0,0,0,0,0,0,0,0,0,0,0,0,0,0,0,0,0,0
0,0,0,0,0,0,0,0,0,0,0,0,0,0,0,0,0,0
0,0,0,0,0,0,0,0,0,0,0,0,0,0,0,0,0,0
0,0,0,0,0,0,0,0,0,0,0,0,0,0,0,0,0,0
0,0,0,0,0,0,0,0,0,0,0,0,0,0,0,0,0,0
0,0,0,0,0,0,0,0,0,0,0,0,0,0,0,0,0,0
0,0,0,0,0,0,0,0,0,0,0,0,0,0,0,0,0,0
0,0,0,0,0,0,0,0,0,0,0,0,0,0,0,0,0,0
0,0,0,0,0,0,0,0,0,0,0,0,0,0,0,0,0,0
0,0,0,0,0,0,0,0,0,0,0,0,0,0,0,0,0,0
0,0,0,0,0,0,0,0,0,0,0,0,0,0,0,0,0,0
0,0,0,0,0,0,0,0,0,0,0,0,0,0,0,0,0,0
0,0,0,0,0,0,0,0,0,0,0,0,0,0,0,0,0,0
0,0,0,0,0,0,0,0,0,0,0,0,0,0,0,0,0,0
0,0,0,0,0,0,0,0,0,0,0,0,0,0,0,0,0,0
0,0,0,0,0,0,0,0,0,0,0,0,0,0,0,0,0,0
0,0,0,0,0,0,0,0,0,0,0,0,0,0,0,0,0,0
0,0,0,0,0,0,0,0,0,0,0,0,0,0,0,0,0,0
0,0,0,0,0,0,0,0,0,0,0,0,0,0,0,0,0,0
0,0,0,0,0,0,0,0,0,0,0,0,0,0,0,0,0,0
0,0,0,0,0,0,0,0,0,0,0,0,0,0,0,0,0,0
0,0,0,0,0,0,0,0,0,0,0,0,0,0,0,0,0,0
0,0,0,0,0,0,0,0,0,0,0,0,0,0,0,0,0,0
0,0,0,0,0,0,0,0,0,0,0,0,0,0,0,0,0,0
0,0,0,0,0,0,0,0,0,0,0,0,0,0,0,0,0,0
0,0,0,0,0,0,0,0,0,0,0,0,0,0,0,0,0,0
0,0,0,0,0,0,0,0,0,0,0,0,0,0,0,0,0,0
0,0,0,0,0,0,0,0,0,0,0,0,0,0,0,0,0,0
0,0,0,0,0,0,0,0,0,0,0,0,0,0,0,0,0,0
0,0,0,0,0,0,0,0,0,0,0,0,0,0,0,0,0,0
0,0,0,0,0,0,0,0,0,0,0,0,0,0,0,0,0,0
0,0,0,0,0,0,0,0,0,0,0,0,0,0,0,0,0,0
0,0,0,0,0,0,0,0,0,0,0,0,0,0,0,0,0,0
0,0,0,0,0,0,0,0,0,0,0,0,0,0,0,0,0,0
0,0,0,0,0,0,0,0,0,0,0,0,0,0,0,0,0,0
0,0,0,0,0,0,0,0,0,0,0,0,0,0,0,0,0,0
0,0,0,0,0,0,0,0,0,0,0,0,0,0,0,0,0,0
0,0,0,0,0,0,0,0,0,0,0,0,0,0,0,0,0,0
0,0,0,0,0,0,0,0,0,0,0,0,0,0,0,0,0,0
0,0,0,0,0,0,0,0,0,0,0,0,0,0,0,0,0,0
0,0,0,0,0,0,0,0,0,0,0,0,0,0,0,0,0,0
0,0,0,0,0,0,0,0,0,0,0,0,0,0,0,0,0,0
0,0,0,0,0,0,0,0,0,0,0,0,0,0,0,0,0,0
0,0,0,0,0,0,0,0,0,0,0,0,0,0,0,0,0,0
0,0,0,0,0,0,0,0,0,0,0,0,0,0,0,0,0,0
0,0,0,0,0,0,0,0,0,0,0,0,0,0,0,0,0,0
0,0,0,0,0,0,0,0,0,0,0,0,0,0,0,0,0,0
0,0,0,0,0,0,0,0,0,0,0,0,0,0,0,0,0,0
0,0,0,0,0,0,0,0,0,0,0,0,0,0,0,0,0,0
0,0,0,0,0,0,0,0,0,0,0,0,0,0,0,0,0,0
0,0,0,0,0,0,0,0,0,0,0,0,0,0,0,0,0,0
0,0,0,0,0,0,0,0,0,0,0,0,0,0,0,0,0,0
0,0,0,0,0,0,0,0,0,0,0,0,0,0,0,0,0,0
0,0,0,0,0,0,0,0,0,0,0,0,0,0,0,0,0,0
0,0,0,0,0,0,0,0,0,0,0,0,0,0,0,0,0,0
0,0,0,0,0,0,0,0,0,0,0,0,0,0,0,0,0,0
0,0,0,0,0,0,0,0,0,0,0,0,0,0,0,0,0,0
0,0,0,0,0,0,0,0,0,0,0,0,0,0,0,0,0,0
0,0,0,0,0,0,0,0,0,0,0,0,0,0,0,0,0,0
0,0,0,0,0,0,0,0,0,0,0,0,0,0,0,0,0,0
0,0,0,0,0,0,0,0,0,0,0,0,0,0,0,0,0,0
0,0,0,0,0,0,0,0,0,0,0,0,0,0,0,0,0,0
0,0,0,0,0,0,0,0,0,0,0,0,0,0,0,0,0,0
0,0,0,0,0,0,0,0,0,0,0,0,0,0,0,0,0,0
0,0,0,0,0,0,0,0,0,0,0,0,0,0,0,0,0,0
0,0,0,0,0,0,0,0,0,0,0,0,0,0,0,0,0,0
0,0,0,0,0,0,0,0,0,0,0,0,0,0,0,0,0,0
0,0,0,0,0,0,0,0,0,0,0,0,0,0,0,0,0,0
0,0,0,0,0,0,0,0,0,0,0,0,0,0,0,0,0,0
0,0,0,0,0,0,0,0,0,0,0,0,0,0,0,0,0,0
0,0,0,0,0,0,0,0,0,0,0,0,0,0,0,0,0,0
0,0,0,0,0,0,0,0,0,0,0,0,0,0,0,0,0,0
0,0,0,0,0,0,0,0,0,0,0,0,0,0,0,0,0,0
0,0,0,0,0,0,0,0,0,0,0,0,0,0,0,0,0,0
0,0,0,0,0,0,0,0,0,0,0,0,0,0,0,0,0,0
0,0,0,0,0,0,0,0,0,0,0,0,0,0,0,0,0,0
0,0,0,0,0,0,0,0,0,0,0,0,0,0,0,0,0,0
0,0,0,0,0,0,0,0,0,0,0,0,0,0,0,0,0,0
0,0,0,0,0,0,0,0,0,0,0,0,0,0,0,0,0,0
0,0,0,0,0,0,0,0,0,0,0,0,0,0,0,0,0,0
0,0,0,0,0,0,0,0,0,0,0,0,0,0,0,0,0,0
0,0,0,0,0,0,0,0,0,0,0,0,0,0,0,0,0,0
0,0,0,0,0,0,0,0,0,0,0,0,0,0,0,0,0,0
0,0,0,0,0,0,0,0,0,0,0,0,0,0,0,0,0,0
0,0,0,0,0,0,0,0,0,0,0,0,0,0,0,0,0,0
0,0,0,0,0,0,0,0,0,0,0,0,0,0,0,0,0,0
0,0,0,0,0,0,0,0,0,0,0,0,0,0,0,0,0,0
0,0,0,0,0,0,0,0,0,0,0,0,0,0,0,0,0,0
0,0,0,0,0,0,0,0,0,0,0,0,0,0,0,0,0,0
0,0,0,0,0,0,0,0,0,0,0,0,0,0,0,0,0,0
0,0,0,0,0,0,0,0,0,0,0,0,0,0,0,0,0,0
0,0,0,0,0,0,0,0,0,0,0,0,0,0,0,0,0,0
0,0,0,0,0,0,0,0,0,0,0,0,0,0,0,0,0,0
0,0,0,0,0,0,0,0,0,0,0,0,0,0,0,0,0,0
0,0,0,0,0,0,0,0,0,0,0,0,0,0,0,0,0,0
0,0,0,0,0,0,0,0,0,0,0,0,0,0,0,0,0,0
0,0,0,0,0,0,0,0,0,0,0,0,0,0,0,0,0,0
0,0,0,0,0,0,0,0,0,0,0,0,0,0,0,0,0,0
0,0,0,0,0,0,0,0,0,0,0,0,0,0,0,0,0,0
0,0,0,0,0,0,0,0,0,0,0,0,0,0,0,0,0,0
0,0,0,0,0,0,0,0,0,0,0,0,0,0,0,0,0,0
0,0,0,0,0,0,0,0,0,0,0,0,0,0,0,0,0,0
0,0,0,0,0,0,0,0,0,0,0,0,0,0,0,0,0,0
0,0,0,0,0,0,0,0,0,0,0,0,0,0,0,0,0,0
0,0,0,0,0,0,0,0,0,0,0,0,0,0,0,0,0,0
0,0,0,0,0,0,0,0,0,0,0,0,0,0,0,0,0,0
0,0,0,0,0,0,0,0,0,0,0,0,0,0,0,0,0,0
0,0,0,0,0,0,0,0,0,0,0,0,0,0,0,0,0,0
0,0,0,0,0,0,0,0,0,0,0,0,0,0,0,0,0,0
0,0,0,0,0,0,0,0,0,0,0,0,0,0,0,0,0,0
0,0,0,0,0,0,0,0,0,0,0,0,0,0,0,0,0,0
0,0,0,0,0,0,0,0,0,0,0,0,0,0,0,0,0,0
0,0,0,0,0,0,0,0,0,0,0,0,0,0,0,0,0,0
0,0,0,0,0,0,0,0,0,0,0,0,0,0,0,0,0,0
0,0,0,0,0,0,0,0,0,0,0,0,0,0,0,0,0,0
0,0,0,0,0,0,0,0,0,0,0,0,0,0,0,0,0,0
0,0,0,0,0,0,0,0,0,0,0,0,0,0,0,0,0,0
0,0,0,0,0,0,0,0,0,0,0,0,0,0,0,0,0,0
0,0,0,0,0,0,0,0,0,0,0,0,0,0,0,0,0,0
0,0,0,0,0,0,0,0,0,0,0,0,0,0,0,0,0,0
0,0,0,0,0,0,0,0,0,0,0,0,0,0,0,0,0,0
0,0,0,0,0,0,0,0,0,0,0,0,0,0,0,0,0,0
0,0,0,0,0,0,0,0,0,0,0,0,0,0,0,0,0,0
0,0,0,0,0,0,0,0,0,0,0,0,0,0,0,0,0,0
0,0,0,0,0,0,0,0,0,0,0,0,0,0,0,0,0,0
0,0,0,0,0,0,0,0,0,0,0,0,0,0,0,0,0,0
0,0,0,0,0,0,0,0,0,0,0,0,0,0,0,0,0,0
0,0,0,0,0,0,0,0,0,0,0,0,0,0,0,0,0,0
0,0,0,0,0,0,0,0,0,0,0,0,0,0,0,0,0,0
0,0,0,0,0,0,0,0,0,0,0,0,0,0,0,0,0,0
0,0,0,0,0,0,0,0,0,0,0,0,0,0,0,0,0,0
0,0,0,0,0,0,0,0,0,0,0,0,0,0,0,0,0,0
0,0,0,0,0,0,0,0,0,0,0,0,0,0,0,0,0,0
0,0,0,0,0,0,0,0,0,0,0,0,0,0,0,0,0,0
0,0,0,0,0,0,0,0,0,0,0,0,0,0,0,0,0,0
0,0,0,0,0,0,0,0,0,0,0,0,0,0,0,0,0,0
0,0,0,0,0,0,0,0,0,0,0,0,0,0,0,0,0,0
0,0,0,0,0,0,0,0,0,0,0,0,0,0,0,0,0,0
0,0,0,0,0,0,0,0,0,0,0,0,0,0,0,0,0,0
0,0,0,0,0,0,0,0,0,0,0,0,0,0,0,0,0,0
0,0,0,0,0,0,0,0,0,0,0,0,0,0,0,0,0,0
0,0,0,0,0,0,0,0,0,0,0,0,0,0,0,0,0,0
0,0,0,0,0,0,0,0,0,0,0,0,0,0,0,0,0,0
0,0,0,0,0,0,0,0,0,0,0,0,0,0,0,0,0,0
0,0,0,0,0,0,0,0,0,0,0,0,0,0,0,0,0,0
0,0,0,0,0,0,0,0,0,0,0,0,0,0,0,0,0,0
0,0,0,0,0,0,0,0,0,0,0,0,0,0,0,0,0,0
0,0,0,0,0,0,0,0,0,0,0,0,0,0,0,0,0,0
0,0,0,0,0,0,0,0,0,0,0,0,0,0,0,0,0,0
0,0,0,0,0,0,0,0,0,0,0,0,0,0,0,0,0,0
0,0,0,0,0,0,0,0,0,0,0,0,0,0,0,0,0,0
0,0,0,0,0,0,0,0,0,0,0,0,0,0,0,0,0,0
0,0,0,0,0,0,0,0,0,0,0,0,0,0,0,0,0,0
0,0,0,0,0,0,0,0,0,0,0,0,0,0,0,0,0,0
0,0,0,0,0,0,0,0,0,0,0,0,0,0,0,0,0,0
0,0,0,0,0,0,0,0,0,0,0,0,0,0,0,0,0,0
0,0,0,0,0,0,0,0,0,0,0,0,0,0,0,0,0,0
0,0,0,0,0,0,0,0,0,0,0,0,0,0,0,0,0,0
0,0,0,0,0,0,0,0,0,0,0,0,0,0,0,0,0,0
0,0,0,0,0,0,0,0,0,0,0,0,0,0,0,0,0,0
0,0,0,0,0,0,0,0,0,0,0,0,0,0,0,0,0,0
0,0,0,0,0,0,0,0,0,0,0,0,0,0,0,0,0,0
0,0,0,0,0,0,0,0,0,0,0,0,0,0,0,0,0,0
0,0,0,0,0,0,0,0,0,0,0,0,0,0,0,0,0,0
0,0,0,0,0,0,0,0,0,0,0,0,0,0,0,0,0,0
0,0,0,0,0,0,0,0,0,0,0,0,0,0,0,0,0,0
0,0,0,0,0,0,0,0,0,0,0,0,0,0,0,0,0,0
0,0,0,0,0,0,0,0,0,0,0,0,0,0,0,0,0,0
0,0,0,0,0,0,0,0,0,0,0,0,0,0,0,0,0,0
0,0,0,0,0,0,0,0,0,0,0,0,0,0,0,0,0,0
0,0,0,0,0,0,0,0,0,0,0,0,0,0,0,0,0,0
0,0,0,0,0,0,0,0,0,0,0,0,0,0,0,0,0,0
0,0,0,0,0,0,0,0,0,0,0,0,0,0,0,0,0,0
0,0,0,0,0,0,0,0,0,0,0,0,0,0,0,0,0,0
0,0,0,0,0,0,0,0,0,0,0,0,0,0,0,0,0,0
0,0,0,0,0,0,0,0,0,0,0,0,0,0,0,0,0,0
0,0,0,0,0,0,0,0,0,0,0,0,0,0,0,0,0,0
0,0,0,0,0,0,0,0,0,0,0,0,0,0,0,0,0,0
0,0,0,0,0,0,0,0,0,0,0,0,0,0,0,0,0,0
0,0,0,0,0,0,0,0,0,0,0,0,0,0,0,0,0,0
0,0,0,0,0,0,0,0,0,0,0,0,0,0,0,0,0,0
0,0,0,0,0,0,0,0,0,0,0,0,0,0,0,0,0,0
0,0,0,0,0,0,0,0,0,0,0,0,0,0,0,0,0,0
0,0,0,0,0,0,0,0,0,0,0,0,0,0,0,0,0,0
0,0,0,0,0,0,0,0,0,0,0,0,0,0,0,0,0,0
0,0,0,0,0,0,0,0,0,0,0,0,0,0,0,0,0,0
0,0,0,0,0,0,0,0,0,0,0,0,0,0,0,0,0,0
0,0,0,0,0,0,0,0,0,0,0,0,0,0,0,0,0,0
0,0,0,0,0,0,0,0,0,0,0,0,0,0,0,0,0,0
0,0,0,0,0,0,0,0,0,0,0,0,0,0,0,0,0,0
0,0,0,0,0,0,0,0,0,0,0,0,0,0,0,0,0,0
0,0,0,0,0,0,0,0,0,0,0,0,0,0,0,0,0,0
0,0,0,0,0,0,0,0,0,0,0,0,0,0,0,0,0,0
0,0,0,0,0,0,0,0,0,0,0,0,0,0,0,0,0,0
0,0,0,0,0,0,0,0,0,0,0,0,0,0,0,0,0,0
0,0,0,0,0,0,0,0,0,0,0,0,0,0,0,0,0,0
0,0,0,0,0,0,0,0,0,0,0,0,0,0,0,0,0,0
0,0,0,0,0,0,0,0,0,0,0,0,0,0,0,0,0,0
0,0,0,0,0,0,0,0,0,0,0,0,0,0,0,0,0,0
0,0,0,0,0,0,0,0,0,0,0,0,0,0,0,0,0,0
0,0,0,0,0,0,0,0,0,0,0,0,0,0,0,0,0,0
0,0,0,0,0,0,0,0,0,0,0,0,0,0,0,0,0,0
0,0,0,0,0,0,0,0,0,0,0,0,0,0,0,0,0,0
0,0,0,0,0,0,0,0,0,0,0,0,0,0,0,0,0,0
0,0,0,0,0,0,0,0,0,0,0,0,0,0,0,0,0,0
0,0,0,0,0,0,0,0,0,0,0,0,0,0,0,0,0,0
0,0,0,0,0,0,0,0,0,0,0,0,0,0,0,0,0,0
0,0,0,0,0,0,0,0,0,0,0,0,0,0,0,0,0,0
0,0,0,0,0,0,0,0,0,0,0,0,0,0,0,0,0,0
0,0,0,0,0,0,0,0,0,0,0,0,0,0,0,0,0,0
0,0,0,0,0,0,0,0,0,0,0,0,0,0,0,0,0,0
0,0,0,0,0,0,0,0,0,0,0,0,0,0,0,0,0,0
0,0,0,0,0,0,0,0,0,0,0,0,0,0,0,0,0,0
0,0,0,0,0,0,0,0,0,0,0,0,0,0,0,0,0,0
0,0,0,0,0,0,0,0,0,0,0,0,0,0,0,0,0,0
0,0,0,0,0,0,0,0,0,0,0,0,0,0,0,0,0,0
0,0,0,0,0,0,0,0,0,0,0,0,0,0,0,0,0,0
0,0,0,0,0,0,0,0,0,0,0,0,0,0,0,0,0,0
0,0,0,0,0,0,0,0,0,0,0,0,0,0,0,0,0,0
0,0,0,0,0,0,0,0,0,0,0,0,0,0,0,0,0,0
0,0,0,0,0,0,0,0,0,0,0,0,0,0,0,0,0,0
0,0,0,0,0,0,0,0,0,0,0,0,0,0,0,0,0,0
0,0,0,0,0,0,0,0,0,0,0,0,0,0,0,0,0,0
0,0,0,0,0,0,0,0,0,0,0,0,0,0,0,0,0,0
0,0,0,0,0,0,0,0,0,0,0,0,0,0,0,0,0,0
0,0,0,0,0,0,0,0,0,0,0,0,0,0,0,0,0,0
0,0,0,0,0,0,0,0,0,0,0,0,0,0,0,0,0,0
0,0,0,0,0,0,0,0,0,0,0,0,0,0,0,0,0,0
0,0,0,0,0,0,0,0,0,0,0,0,0,0,0,0,0,0
0,0,0,0,0,0,0,0,0,0,0,0,0,0,0,0,0,0
0,0,0,0,0,0,0,0,0,0,0,0,0,0,0,0,0,0
0,0,0,0,0,0,0,0,0,0,0,0,0,0,0,0,0,0
0,0,0,0,0,0,0,0,0,0,0,0,0,0,0,0,0,0
0,0,0,0,0,0,0,0,0,0,0,0,0,0,0,0,0,0
0,0,0,0,0,0,0,0,0,0,0,0,0,0,0,0,0,0
0,0,0,0,0,0,0,0,0,0,0,0,0,0,0,0,0,0
0,0,0,0,0,0,0,0,0,0,0,0,0,0,0,0,0,0
0,0,0,0,0,0,0,0,0,0,0,0,0,0,0,0,0,0
0,0,0,0,0,0,0,0,0,0,0,0,0,0,0,0,0,0
0,0,0,0,0,0,0,0,0,0,0,0,0,0,0,0,0,0
0,0,0,0,0,0,0,0,0,0,0,0,0,0,0,0,0,0
0,0,0,0,0,0,0,0,0,0,0,0,0,0,0,0,0,0
0,0,0,0,0,0,0,0,0,0,0,0,0,0,0,0,0,0
0,0,0,0,0,0,0,0,0,0,0,0,0,0,0,0,0,0
0,0,0,0,0,0,0,0,0,0,0,0,0,0,0,0,0,0
0,0,0,0,0,0,0,0,0,0,0,0,0,0,0,0,0,0
0,0,0,0,0,0,0,0,0,0,0,0,0,0,0,0,0,0
0,0,0,0,0,0,0,0,0,0,0,0,0,0,0,0,0,0
0,0,0,0,0,0,0,0,0,0,0,0,0,0,0,0,0,0
0,0,0,0,0,0,0,0,0,0,0,0,0,0,0,0,0,0
0,0,0,0,0,0,0,0,0,0,0,0,0,0,0,0,0,0
0,0,0,0,0,0,0,0,0,0,0,0,0,0,0,0,0,0
0,0,0,0,0,0,0,0,0,0,0,0,0,0,0,0,0,0
0,0,0,0,0,0,0,0,0,0,0,0,0,0,0,0,0,0
0,0,0,0,0,0,0,0,0,0,0,0,0,0,0,0,0,0
0,0,0,0,0,0,0,0,0,0,0,0,0,0,0,0,0,0
0,0,0,0,0,0,0,0,0,0,0,0,0,0,0,0,0,0
0,0,0,0,0,0,0,0,0,0,0,0,0,0,0,0,0,0
0,0,0,0,0,0,0,0,0,0,0,0,0,0,0,0,0,0
0,0,0,0,0,0,0,0,0,0,0,0,0,0,0,0,0,0
0,0,0,0,0,0,0,0,0,0,0,0,0,0,0,0,0,0
0,0,0,0,0,0,0,0,0,0,0,0,0,0,0,0,0,0
0,0,0,0,0,0,0,0,0,0,0,0,0,0,0,0,0,0
0,0,0,0,0,0,0,0,0,0,0,0,0,0,0,0,0,0
0,0,0,0,0,0,0,0,0,0,0,0,0,0,0,0,0,0
0,0,0,0,0,0,0,0,0,0,0,0,0,0,0,0,0,0
0,0,0,0,0,0,0,0,0,0,0,0,0,0,0,0,0,0
0,0,0,0,0,0,0,0,0,0,0,0,0,0,0,0,0,0
0,0,0,0,0,0,0,0,0,0,0,0,0,0,0,0,0,0
0,0,0,0,0,0,0,0,0,0,0,0,0,0,0,0,0,0
0,0,0,0,0,0,0,0,0,0,0,0,0,0,0,0,0,0
0,0,0,0,0,0,0,0,0,0,0,0,0,0,0,0,0,0
0,0,0,0,0,0,0,0,0,0,0,0,0,0,0,0,0,0
0,0,0,0,0,0,0,0,0,0,0,0,0,0,0,0,0,0
0,0,0,0,0,0,0,0,0,0,0,0,0,0,0,0,0,0
0,0,0,0,0,0,0,0,0,0,0,0,0,0,0,0,0,0
0,0,0,0,0,0,0,0,0,0,0,0,0,0,0,0,0,0
0,0,0,0,0,0,0,0,0,0,0,0,0,0,0,0,0,0
0,0,0,0,0,0,0,0,0,0,0,0,0,0,0,0,0,0
0,0,0,0,0,0,0,0,0,0,0,0,0,0,0,0,0,0
0,0,0,0,0,0,0,0,0,0,0,0,0,0,0,0,0,0
0,0,0,0,0,0,0,0,0,0,0,0,0,0,0,0,0,0
0,0,0,0,0,0,0,0,0,0,0,0,0,0,0,0,0,0
0,0,0,0,0,0,0,0,0,0,0,0,0,0,0,0,0,0
0,0,0,0,0,0,0,0,0,0,0,0,0,0,0,0,0,0
0,0,0,0,0,0,0,0,0,0,0,0,0,0,0,0,0,0
0,0,0,0,0,0,0,0,0,0,0,0,0,0,0,0,0,0
0,0,0,0,0,0,0,0,0,0,0,0,0,0,0,0,0,0
0,0,0,0,0,0,0,0,0,0,0,0,0,0,0,0,0,0
0,0,0,0,0,0,0,0,0,0,0,0,0,0,0,0,0,0
0,0,0,0,0,0,0,0,0,0,0,0,0,0,0,0,0,0
0,0,0,0,0,0,0,0,0,0,0,0,0,0,0,0,0,0
0,0,0,0,0,0,0,0,0,0,0,0,0,0,0,0,0,0
0,0,0,0,0,0,0,0,0,0,0,0,0,0,0,0,0,0
0,0,0,0,0,0,0,0,0,0,0,0,0,0,0,0,0,0
0,0,0,0,0,0,0,0,0,0,0,0,0,0,0,0,0,0
0,0,0,0,0,0,0,0,0,0,0,0,0,0,0,0,0,0
0,0,0,0,0,0,0,0,0,0,0,0,0,0,0,0,0,0
0,0,0,0,0,0,0,0,0,0,0,0,0,0,0,0,0,0
0,0,0,0,0,0,0,0,0,0,0,0,0,0,0,0,0,0
0,0,0,0,0,0,0,0,0,0,0,0,0,0,0,0,0,0
0,0,0,0,0,0,0,0,0,0,0,0,0,0,0,0,0,0
0,0,0,0,0,0,0,0,0,0,0,0,0,0,0,0,0,0
0,0,0,0,0,0,0,0,0,0,0,0,0,0,0,0,0,0
0,0,0,0,0,0,0,0,0,0,0,0,0,0,0,0,0,0
0,0,0,0,0,0,0,0,0,0,0,0,0,0,0,0,0,0
0,0,0,0,0,0,0,0,0,0,0,0,0,0,0,0,0,0
0,0,0,0,0,0,0,0,0,0,0,0,0,0,0,0,0,0
0,0,0,0,0,0,0,0,0,0,0,0,0,0,0,0,0,0
0,0,0,0,0,0,0,0,0,0,0,0,0,0,0,0,0,0
0,0,0,0,0,0,0,0,0,0,0,0,0,0,0,0,0,0
0,0,0,0,0,0,0,0,0,0,0,0,0,0,0,0,0,0
0,0,0,0,0,0,0,0,0,0,0,0,0,0,0,0,0,0
0,0,0,0,0,0,0,0,0,0,0,0,0,0,0,0,0,0
0,0,0,0,0,0,0,0,0,0,0,0,0,0,0,0,0,0
0,0,0,0,0,0,0,0,0,0,0,0,0,0,0,0,0,0
0,0,0,0,0,0,0,0,0,0,0,0,0,0,0,0,0,0
0,0,0,0,0,0,0,0,0,0,0,0,0,0,0,0,0,0
0,0,0,0,0,0,0,0,0,0,0,0,0,0,0,0,0,0
0,0,0,0,0,0,0,0,0,0,0,0,0,0,0,0,0,0
0,0,0,0,0,0,0,0,0,0,0,0,0,0,0,0,0,0
0,0,0,0,0,0,0,0,0,0,0,0,0,0,0,0,0,0
0,0,0,0,0,0,0,0,0,0,0,0,0,0,0,0,0,0
0,0,0,0,0,0,0,0,0,0,0,0,0,0,0,0,0,0
0,0,0,0,0,0,0,0,0,0,0,0,0,0,0,0,0,0
0,0,0,0,0,0,0,0,0,0,0,0,0,0,0,0,0,0
0,0,0,0,0,0,0,0,0,0,0,0,0,0,0,0,0,0
0,0,0,0,0,0,0,0,0,0,0,0,0,0,0,0,0,0
0,0,0,0,0,0,0,0,0,0,0,0,0,0,0,0,0,0
0,0,0,0,0,0,0,0,0,0,0,0,0,0,0,0,0,0
0,0,0,0,0,0,0,0,0,0,0,0,0,0,0,0,0,0
0,0,0,0,0,0,0,0,0,0,0,0,0,0,0,0,0,0
0,0,0,0,0,0,0,0,0,0,0,0,0,0,0,0,0,0
0,0,0,0,0,0,0,0,0,0,0,0,0,0,0,0,0,0
0,0,0,0,0,0,0,0,0,0,0,0,0,0,0,0,0,0
0,0,0,0,0,0,0,0,0,0,0,0,0,0,0,0,0,0
0,0,0,0,0,0,0,0,0,0,0,0,0,0,0,0,0,0
0,0,0,0,0,0,0,0,0,0,0,0,0,0,0,0,0,0
0,0,0,0,0,0,0,0,0,0,0,0,0,0,0,0,0,0
0,0,0,0,0,0,0,0,0,0,0,0,0,0,0,0,0,0
0,0,0,0,0,0,0,0,0,0,0,0,0,0,0,0,0,0
0,0,0,0,0,0,0,0,0,0,0,0,0,0,0,0,0,0
0,0,0,0,0,0,0,0,0,0,0,0,0,0,0,0,0,0
0,0,0,0,0,0,0,0,0,0,0,0,0,0,0,0,0,0
0,0,0,0,0,0,0,0,0,0,0,0,0,0,0,0,0,0
0,0,0,0,0,0,0,0,0,0,0,0,0,0,0,0,0,0
0,0,0,0,0,0,0,0,0,0,0,0,0,0,0,0,0,0
0,0,0,0,0,0,0,0,0,0,0,0,0,0,0,0,0,0
0,0,0,0,0,0,0,0,0,0,0,0,0,0,0,0,0,0
0,0,0,0,0,0,0,0,0,0,0,0,0,0,0,0,0,0
0,0,0,0,0,0,0,0,0,0,0,0,0,0,0,0,0,0
0,0,0,0,0,0,0,0,0,0,0,0,0,0,0,0,0,0
0,0,0,0,0,0,0,0,0,0,0,0,0,0,0,0,0,0
0,0,0,0,0,0,0,0,0,0,0,0,0,0,0,0,0,0
0,0,0,0,0,0,0,0,0,0,0,0,0,0,0,0,0,0
0,0,0,0,0,0,0,0,0,0,0,0,0,0,0,0,0,0
0,0,0,0,0,0,0,0,0,0,0,0,0,0,0,0,0,0
0,0,0,0,0,0,0,0,0,0,0,0,0,0,0,0,0,0
0,0,0,0,0,0,0,0,0,0,0,0,0,0,0,0,0,0
0,0,0,0,0,0,0,0,0,0,0,0,0,0,0,0,0,0
0,0,0,0,0,0,0,0,0,0,0,0,0,0,0,0,0,0
0,0,0,0,0,0,0,0,0,0,0,0,0,0,0,0,0,0
0,0,0,0,0,0,0,0,0,0,0,0,0,0,0,0,0,0
0,0,0,0,0,0,0,0,0,0,0,0,0,0,0,0,0,0
0,0,0,0,0,0,0,0,0,0,0,0,0,0,0,0,0,0
0,0,0,0,0,0,0,0,0,0,0,0,0,0,0,0,0,0
0,0,0,0,0,0,0,0,0,0,0,0,0,0,0,0,0,0
0,0,0,0,0,0,0,0,0,0,0,0,0,0,0,0,0,0
0,0,0,0,0,0,0,0,0,0,0,0,0,0,0,0,0,0
0,0,0,0,0,0,0,0,0,0,0,0,0,0,0,0,0,0
0,0,0,0,0,0,0,0,0,0,0,0,0,0,0,0,0,0
