initate MTCD,emtpyPre,collidePre,successPre,grant fail,collide probility
0,54,0,0,0,0
0,54,0,0,0,0
0,54,0,0,0,0
0,54,0,0,0,0
0,54,0,0,0,0
0,54,0,0,0,0
0,54,0,0,0,0
0,54,0,0,0,0
2,52,0,2,0,0
0,54,0,0,0,0
0,54,0,0,0,0
0,54,0,0,0,0
0,54,0,0,0,0
0,54,0,0,0,0
0,54,0,0,0,0
0,54,0,0,0,0
0,54,0,0,0,0
0,54,0,0,0,0
0,54,0,0,0,0
0,54,0,0,0,0
0,54,0,0,0,0
0,54,0,0,0,0
0,54,0,0,0,0
0,54,0,0,0,0
6,48,0,6,0,0
0,54,0,0,0,0
0,54,0,0,0,0
0,54,0,0,0,0
0,54,0,0,0,0
0,54,0,0,0,0
0,54,0,0,0,0
0,54,0,0,0,0
24,30,0,24,0,0
3,51,0,3,0,0
0,54,0,0,0,0
0,54,0,0,0,0
0,54,0,0,0,0
0,54,0,0,0,0
0,54,0,0,0,0
0,54,0,0,0,0
38,16,0,30,8,0
17,37,0,17,0,0
1,53,0,1,0,0
0,54,0,0,0,0
0,54,0,0,0,0
0,54,0,0,0,0
0,54,0,0,0,0
0,54,0,0,0,0
43,11,0,30,13,0
25,29,0,25,0,0
3,51,0,3,0,0
0,54,0,0,0,0
0,54,0,0,0,0
0,54,0,0,0,0
0,54,0,0,0,0
0,54,0,0,0,0
48,6,0,30,18,0
43,11,0,30,13,0
23,31,0,23,0,0
13,41,0,13,0,0
6,48,0,6,0,0
0,54,0,0,0,0
0,54,0,0,0,0
0,54,0,0,0,0
48,6,0,30,18,0
47,7,0,30,17,0
31,23,0,30,1,0
20,34,0,20,0,0
6,48,0,6,0,0
0,54,0,0,0,0
0,54,0,0,0,0
0,54,0,0,0,0
48,6,0,30,18,0
47,7,0,30,17,0
42,12,0,30,12,0
29,25,0,29,0,0
14,40,0,14,0,0
8,46,0,8,0,0
4,50,0,4,0,0
2,52,0,2,0,0
48,6,0,30,18,0
47,7,0,30,17,0
44,10,0,30,14,0
38,16,0,30,8,0
25,29,0,25,0,0
12,42,0,12,0,0
9,45,0,9,0,0
6,48,0,6,0,0
48,6,0,30,18,0
48,6,0,30,18,0
48,6,0,30,18,0
46,8,0,30,16,0
37,17,0,30,7,0
24,30,0,24,0,0
13,41,0,13,0,0
9,45,0,9,0,0
48,6,0,30,18,0
48,6,0,30,18,0
48,6,0,30,18,0
47,7,0,30,17,0
37,17,0,30,7,0
27,27,0,27,0,0
20,34,0,20,0,0
13,41,0,13,0,0
48,6,0,30,18,0
48,6,0,30,18,0
48,6,0,30,18,0
48,6,0,30,18,0
45,9,0,30,15,0
43,11,0,30,13,0
36,18,0,30,6,0
22,32,0,22,0,0
48,6,0,30,18,0
48,6,0,30,18,0
48,6,0,30,18,0
48,6,0,30,18,0
47,7,0,30,17,0
45,9,0,30,15,0
41,13,0,30,11,0
34,20,0,30,4,0
48,6,0,30,18,0
48,6,0,30,18,0
48,6,0,30,18,0
48,6,0,30,18,0
48,6,0,30,18,0
48,6,0,30,18,0
48,6,0,30,18,0
44,10,0,30,14,0
48,6,0,30,18,0
48,6,0,30,18,0
48,6,0,30,18,0
48,6,0,30,18,0
48,6,0,30,18,0
48,6,0,30,18,0
48,6,0,30,18,0
48,6,0,30,18,0
49,5,0,30,19,0
48,6,0,30,18,0
48,6,0,30,18,0
48,6,0,30,18,0
48,6,0,30,18,0
48,6,0,30,18,0
48,6,0,30,18,0
48,6,0,30,18,0
48,6,0,30,18,0
48,6,0,30,18,0
48,6,0,30,18,0
48,6,0,30,18,0
48,6,0,30,18,0
48,6,0,30,18,0
48,6,0,30,18,0
48,6,0,30,18,0
52,4,1,29,20,0.0185185
48,6,0,30,18,0
48,6,0,30,18,0
48,6,0,30,18,0
48,6,0,30,18,0
48,6,0,30,18,0
48,6,0,30,18,0
48,6,0,30,18,0
53,3,2,28,21,0.037037
48,6,0,30,18,0
48,6,0,30,18,0
48,6,0,30,18,0
48,6,0,30,18,0
48,6,0,30,18,0
48,6,0,30,18,0
48,6,0,30,18,0
57,1,3,27,23,0.0555556
48,6,0,30,18,0
48,6,0,30,18,0
48,6,0,30,18,0
48,6,0,30,18,0
48,6,0,30,18,0
48,6,0,30,18,0
48,6,0,30,18,0
55,1,2,29,22,0.037037
48,6,0,30,18,0
48,6,0,30,18,0
48,6,0,30,18,0
48,6,0,30,18,0
48,6,0,30,18,0
48,6,0,30,18,0
48,6,0,30,18,0
58,0,2,29,23,0.037037
48,6,0,30,18,0
48,6,0,30,18,0
48,6,0,30,18,0
48,6,0,30,18,0
48,6,0,30,18,0
48,6,0,30,18,0
48,6,0,30,18,0
56,2,2,28,22,0.037037
48,6,0,30,18,0
48,6,0,30,18,0
48,6,0,30,18,0
48,6,0,30,18,0
48,6,0,30,18,0
48,6,0,30,18,0
48,6,0,30,18,0
72,0,6,27,21,0.111111
48,6,0,30,18,0
48,6,0,30,18,0
48,6,0,30,18,0
48,6,0,30,18,0
48,6,0,30,18,0
48,6,0,30,18,0
48,6,0,30,18,0
81,0,6,27,21,0.111111
48,6,0,30,18,0
48,6,0,30,18,0
48,6,0,30,18,0
48,6,0,30,18,0
48,6,0,30,18,0
48,6,0,30,18,0
48,6,0,30,18,0
81,0,6,28,20,0.111111
48,6,0,30,18,0
48,6,0,30,18,0
48,6,0,30,18,0
48,6,0,30,18,0
48,6,0,30,18,0
48,6,0,30,18,0
48,6,0,30,18,0
88,0,6,27,21,0.111111
48,6,0,30,18,0
48,6,0,30,18,0
48,6,0,30,18,0
48,6,0,30,18,0
48,6,0,30,18,0
48,6,0,30,18,0
48,6,0,30,18,0
88,0,6,27,21,0.111111
48,6,0,30,18,0
48,6,0,30,18,0
48,6,0,30,18,0
48,6,0,30,18,0
48,6,0,30,18,0
48,6,0,30,18,0
48,6,0,30,18,0
101,0,6,24,24,0.111111
48,6,0,30,18,0
48,6,0,30,18,0
48,6,0,30,18,0
48,6,0,30,18,0
48,6,0,30,18,0
48,6,0,30,18,0
48,6,0,30,18,0
111,0,6,26,22,0.111111
48,6,0,30,18,0
48,6,0,30,18,0
48,6,0,30,18,0
48,6,0,30,18,0
48,6,0,30,18,0
48,6,0,30,18,0
48,6,0,30,18,0
111,0,6,29,19,0.111111
48,6,0,30,18,0
48,6,0,30,18,0
48,6,0,30,18,0
48,6,0,30,18,0
48,6,0,30,18,0
48,6,0,30,18,0
48,6,0,30,18,0
141,0,6,28,20,0.111111
48,6,0,30,18,0
48,6,0,30,18,0
48,6,0,30,18,0
48,6,0,30,18,0
48,6,0,30,18,0
48,6,0,30,18,0
48,6,0,30,18,0
130,0,6,28,20,0.111111
48,6,0,30,18,0
48,6,0,30,18,0
48,6,0,30,18,0
48,6,0,30,18,0
48,6,0,30,18,0
48,6,0,30,18,0
48,6,0,30,18,0
150,0,6,27,21,0.111111
48,6,0,30,18,0
48,6,0,30,18,0
48,6,0,30,18,0
48,6,0,30,18,0
48,6,0,30,18,0
48,6,0,30,18,0
48,6,0,30,18,0
166,0,6,28,20,0.111111
48,6,0,30,18,0
48,6,0,30,18,0
48,6,0,30,18,0
48,6,0,30,18,0
48,6,0,30,18,0
48,6,0,30,18,0
48,6,0,30,18,0
180,0,6,27,21,0.111111
48,6,0,30,18,0
48,6,0,30,18,0
48,6,0,30,18,0
48,6,0,30,18,0
48,6,0,30,18,0
48,6,0,30,18,0
48,6,0,30,18,0
187,0,6,24,24,0.111111
48,6,0,30,18,0
48,6,0,30,18,0
48,6,0,30,18,0
48,6,0,30,18,0
48,6,0,30,18,0
48,6,0,30,18,0
48,6,0,30,18,0
191,0,6,28,20,0.111111
48,6,0,30,18,0
48,6,0,30,18,0
48,6,0,30,18,0
48,6,0,30,18,0
48,6,0,30,18,0
48,6,0,30,18,0
48,6,0,30,18,0
191,0,6,26,22,0.111111
48,6,0,30,18,0
48,6,0,30,18,0
48,6,0,30,18,0
48,6,0,30,18,0
48,6,0,30,18,0
48,6,0,30,18,0
48,6,0,30,18,0
214,0,6,28,20,0.111111
48,6,0,30,18,0
48,6,0,30,18,0
48,6,0,30,18,0
48,6,0,30,18,0
48,6,0,30,18,0
48,6,0,30,18,0
48,6,0,30,18,0
236,0,6,29,19,0.111111
48,6,0,30,18,0
48,6,0,30,18,0
48,6,0,30,18,0
48,6,0,30,18,0
48,6,0,30,18,0
48,6,0,30,18,0
48,6,0,30,18,0
245,0,6,26,22,0.111111
48,6,0,30,18,0
48,6,0,30,18,0
48,6,0,30,18,0
48,6,0,30,18,0
48,6,0,30,18,0
48,6,0,30,18,0
48,6,0,30,18,0
236,0,6,28,20,0.111111
48,6,0,30,18,0
48,6,0,30,18,0
48,6,0,30,18,0
48,6,0,30,18,0
48,6,0,30,18,0
48,6,0,30,18,0
48,6,0,30,18,0
250,0,6,27,21,0.111111
48,6,0,30,18,0
48,6,0,30,18,0
48,6,0,30,18,0
48,6,0,30,18,0
48,6,0,30,18,0
48,6,0,30,18,0
48,6,0,30,18,0
291,0,6,26,22,0.111111
48,6,0,30,18,0
48,6,0,30,18,0
48,6,0,30,18,0
48,6,0,30,18,0
48,6,0,30,18,0
48,6,0,30,18,0
48,6,0,30,18,0
276,0,6,28,20,0.111111
48,6,0,30,18,0
48,6,0,30,18,0
48,6,0,30,18,0
48,6,0,30,18,0
48,6,0,30,18,0
48,6,0,30,18,0
48,6,0,30,18,0
274,0,6,25,23,0.111111
48,6,0,30,18,0
48,6,0,30,18,0
48,6,0,30,18,0
48,6,0,30,18,0
48,6,0,30,18,0
48,6,0,30,18,0
48,6,0,30,18,0
304,0,6,28,20,0.111111
48,6,0,30,18,0
48,6,0,30,18,0
48,6,0,30,18,0
48,6,0,30,18,0
48,6,0,30,18,0
48,6,0,30,18,0
48,6,0,30,18,0
322,0,6,27,21,0.111111
48,6,0,30,18,0
48,6,0,30,18,0
48,6,0,30,18,0
48,6,0,30,18,0
48,6,0,30,18,0
48,6,0,30,18,0
48,6,0,30,18,0
338,0,6,28,20,0.111111
48,6,0,30,18,0
48,6,0,30,18,0
48,6,0,30,18,0
48,6,0,30,18,0
48,6,0,30,18,0
48,6,0,30,18,0
48,6,0,30,18,0
359,0,6,29,19,0.111111
48,6,0,30,18,0
48,6,0,30,18,0
48,6,0,30,18,0
48,6,0,30,18,0
48,6,0,30,18,0
48,6,0,30,18,0
48,6,0,30,18,0
394,0,6,25,23,0.111111
48,6,0,30,18,0
48,6,0,30,18,0
48,6,0,30,18,0
48,6,0,30,18,0
48,6,0,30,18,0
48,6,0,30,18,0
48,6,0,30,18,0
386,0,6,27,21,0.111111
48,6,0,30,18,0
48,6,0,30,18,0
48,6,0,30,18,0
48,6,0,30,18,0
48,6,0,30,18,0
48,6,0,30,18,0
48,6,0,30,18,0
378,0,6,27,21,0.111111
48,6,0,30,18,0
48,6,0,30,18,0
48,6,0,30,18,0
48,6,0,30,18,0
48,6,0,30,18,0
48,6,0,30,18,0
48,6,0,30,18,0
420,0,6,26,22,0.111111
48,6,0,30,18,0
48,6,0,30,18,0
48,6,0,30,18,0
48,6,0,30,18,0
48,6,0,30,18,0
48,6,0,30,18,0
48,6,0,30,18,0
454,0,6,28,20,0.111111
48,6,0,30,18,0
48,6,0,30,18,0
48,6,0,30,18,0
48,6,0,30,18,0
48,6,0,30,18,0
48,6,0,30,18,0
48,6,0,30,18,0
441,0,6,26,22,0.111111
48,6,0,30,18,0
48,6,0,30,18,0
48,6,0,30,18,0
48,6,0,30,18,0
48,6,0,30,18,0
48,6,0,30,18,0
48,6,0,30,18,0
438,0,6,25,23,0.111111
48,6,0,30,18,0
48,6,0,30,18,0
48,6,0,30,18,0
48,6,0,30,18,0
48,6,0,30,18,0
48,6,0,30,18,0
48,6,0,30,18,0
506,0,6,27,21,0.111111
48,6,0,30,18,0
48,6,0,30,18,0
48,6,0,30,18,0
48,6,0,30,18,0
48,6,0,30,18,0
48,6,0,30,18,0
48,6,0,30,18,0
460,0,6,26,22,0.111111
48,6,0,30,18,0
48,6,0,30,18,0
48,6,0,30,18,0
48,6,0,30,18,0
48,6,0,30,18,0
48,6,0,30,18,0
48,6,0,30,18,0
492,0,6,26,22,0.111111
48,6,0,30,18,0
48,6,0,30,18,0
48,6,0,30,18,0
48,6,0,30,18,0
48,6,0,30,18,0
48,6,0,30,18,0
48,6,0,30,18,0
516,0,6,27,21,0.111111
48,6,0,30,18,0
48,6,0,30,18,0
48,6,0,30,18,0
48,6,0,30,18,0
48,6,0,30,18,0
48,6,0,30,18,0
48,6,0,30,18,0
503,0,6,28,20,0.111111
48,6,0,30,18,0
48,6,0,30,18,0
48,6,0,30,18,0
48,6,0,30,18,0
48,6,0,30,18,0
48,6,0,30,18,0
48,6,0,30,18,0
546,0,6,27,21,0.111111
48,6,0,30,18,0
48,6,0,30,18,0
48,6,0,30,18,0
48,6,0,30,18,0
48,6,0,30,18,0
48,6,0,30,18,0
48,6,0,30,18,0
551,0,6,27,21,0.111111
48,6,0,30,18,0
48,6,0,30,18,0
48,6,0,30,18,0
48,6,0,30,18,0
48,6,0,30,18,0
48,6,0,30,18,0
48,6,0,30,18,0
542,0,6,26,22,0.111111
48,6,0,30,18,0
48,6,0,30,18,0
48,6,0,30,18,0
48,6,0,30,18,0
48,6,0,30,18,0
48,6,0,30,18,0
48,6,0,30,18,0
584,0,6,28,20,0.111111
48,6,0,30,18,0
48,6,0,30,18,0
48,6,0,30,18,0
48,6,0,30,18,0
48,6,0,30,18,0
48,6,0,30,18,0
48,6,0,30,18,0
582,0,6,27,21,0.111111
48,6,0,30,18,0
48,6,0,30,18,0
48,6,0,30,18,0
48,6,0,30,18,0
48,6,0,30,18,0
48,6,0,30,18,0
48,6,0,30,18,0
585,0,6,28,20,0.111111
48,6,0,30,18,0
48,6,0,30,18,0
48,6,0,30,18,0
48,6,0,30,18,0
48,6,0,30,18,0
48,6,0,30,18,0
48,6,0,30,18,0
619,0,6,26,22,0.111111
48,6,0,30,18,0
48,6,0,30,18,0
48,6,0,30,18,0
48,6,0,30,18,0
48,6,0,30,18,0
48,6,0,30,18,0
48,6,0,30,18,0
623,0,6,26,22,0.111111
48,6,0,30,18,0
48,6,0,30,18,0
48,6,0,30,18,0
48,6,0,30,18,0
48,6,0,30,18,0
48,6,0,30,18,0
48,6,0,30,18,0
627,0,6,26,22,0.111111
48,6,0,30,18,0
48,6,0,30,18,0
48,6,0,30,18,0
48,6,0,30,18,0
48,6,0,30,18,0
48,6,0,30,18,0
48,6,0,30,18,0
669,0,6,26,22,0.111111
48,6,0,30,18,0
48,6,0,30,18,0
48,6,0,30,18,0
48,6,0,30,18,0
48,6,0,30,18,0
48,6,0,30,18,0
48,6,0,30,18,0
637,0,6,27,21,0.111111
48,6,0,30,18,0
48,6,0,30,18,0
48,6,0,30,18,0
48,6,0,30,18,0
48,6,0,30,18,0
48,6,0,30,18,0
48,6,0,30,18,0
693,0,6,28,20,0.111111
48,6,0,30,18,0
48,6,0,30,18,0
48,6,0,30,18,0
48,6,0,30,18,0
48,6,0,30,18,0
48,6,0,30,18,0
48,6,0,30,18,0
647,0,6,26,22,0.111111
48,6,0,30,18,0
48,6,0,30,18,0
48,6,0,30,18,0
48,6,0,30,18,0
48,6,0,30,18,0
48,6,0,30,18,0
48,6,0,30,18,0
699,0,6,27,21,0.111111
48,6,0,30,18,0
48,6,0,30,18,0
48,6,0,30,18,0
48,6,0,30,18,0
48,6,0,30,18,0
48,6,0,30,18,0
48,6,0,30,18,0
675,0,6,27,21,0.111111
48,6,0,30,18,0
48,6,0,30,18,0
48,6,0,30,18,0
48,6,0,30,18,0
48,6,0,30,18,0
48,6,0,30,18,0
48,6,0,30,18,0
682,0,6,29,19,0.111111
48,6,0,30,18,0
48,6,0,30,18,0
48,6,0,30,18,0
48,6,0,30,18,0
48,6,0,30,18,0
48,6,0,30,18,0
48,6,0,30,18,0
701,0,6,26,22,0.111111
48,6,0,30,18,0
48,6,0,30,18,0
48,6,0,30,18,0
48,6,0,30,18,0
48,6,0,30,18,0
48,6,0,30,18,0
48,6,0,30,18,0
673,0,6,24,24,0.111111
48,6,0,30,18,0
48,6,0,30,18,0
48,6,0,30,18,0
48,6,0,30,18,0
48,6,0,30,18,0
48,6,0,30,18,0
48,6,0,30,18,0
701,0,6,24,24,0.111111
48,6,0,30,18,0
48,6,0,30,18,0
48,6,0,30,18,0
48,6,0,30,18,0
48,6,0,30,18,0
48,6,0,30,18,0
48,6,0,30,18,0
766,0,6,28,20,0.111111
48,6,0,30,18,0
48,6,0,30,18,0
48,6,0,30,18,0
48,6,0,30,18,0
48,6,0,30,18,0
48,6,0,30,18,0
48,6,0,30,18,0
738,0,6,26,22,0.111111
48,6,0,30,18,0
48,6,0,30,18,0
48,6,0,30,18,0
48,6,0,30,18,0
48,6,0,30,18,0
48,6,0,30,18,0
48,6,0,30,18,0
722,0,6,26,22,0.111111
48,6,0,30,18,0
48,6,0,30,18,0
48,6,0,30,18,0
48,6,0,30,18,0
48,6,0,30,18,0
48,6,0,30,18,0
48,6,0,30,18,0
709,0,6,27,21,0.111111
48,6,0,30,18,0
48,6,0,30,18,0
48,6,0,30,18,0
48,6,0,30,18,0
48,6,0,30,18,0
48,6,0,30,18,0
48,6,0,30,18,0
753,0,6,28,20,0.111111
48,6,0,30,18,0
48,6,0,30,18,0
48,6,0,30,18,0
48,6,0,30,18,0
48,6,0,30,18,0
48,6,0,30,18,0
48,6,0,30,18,0
772,0,6,29,19,0.111111
48,6,0,30,18,0
48,6,0,30,18,0
48,6,0,30,18,0
48,6,0,30,18,0
48,6,0,30,18,0
48,6,0,30,18,0
48,6,0,30,18,0
807,0,6,28,20,0.111111
48,6,0,30,18,0
48,6,0,30,18,0
48,6,0,30,18,0
48,6,0,30,18,0
48,6,0,30,18,0
48,6,0,30,18,0
48,6,0,30,18,0
772,0,6,26,22,0.111111
48,6,0,30,18,0
48,6,0,30,18,0
48,6,0,30,18,0
48,6,0,30,18,0
48,6,0,30,18,0
48,6,0,30,18,0
48,6,0,30,18,0
773,0,6,26,22,0.111111
48,6,0,30,18,0
48,6,0,30,18,0
48,6,0,30,18,0
48,6,0,30,18,0
48,6,0,30,18,0
48,6,0,30,18,0
48,6,0,30,18,0
769,0,6,25,23,0.111111
48,6,0,30,18,0
48,6,0,30,18,0
48,6,0,30,18,0
48,6,0,30,18,0
48,6,0,30,18,0
48,6,0,30,18,0
48,6,0,30,18,0
797,0,6,28,20,0.111111
48,6,0,30,18,0
48,6,0,30,18,0
48,6,0,30,18,0
48,6,0,30,18,0
48,6,0,30,18,0
48,6,0,30,18,0
48,6,0,30,18,0
799,0,6,27,21,0.111111
48,6,0,30,18,0
48,6,0,30,18,0
48,6,0,30,18,0
48,6,0,30,18,0
48,6,0,30,18,0
48,6,0,30,18,0
48,6,0,30,18,0
804,0,6,28,20,0.111111
48,6,0,30,18,0
48,6,0,30,18,0
48,6,0,30,18,0
48,6,0,30,18,0
48,6,0,30,18,0
48,6,0,30,18,0
48,6,0,30,18,0
775,0,6,25,23,0.111111
48,6,0,30,18,0
48,6,0,30,18,0
48,6,0,30,18,0
48,6,0,30,18,0
48,6,0,30,18,0
48,6,0,30,18,0
48,6,0,30,18,0
831,0,6,26,22,0.111111
48,6,0,30,18,0
48,6,0,30,18,0
48,6,0,30,18,0
48,6,0,30,18,0
48,6,0,30,18,0
48,6,0,30,18,0
48,6,0,30,18,0
843,0,6,27,21,0.111111
48,6,0,30,18,0
48,6,0,30,18,0
48,6,0,30,18,0
48,6,0,30,18,0
48,6,0,30,18,0
48,6,0,30,18,0
48,6,0,30,18,0
820,0,6,26,22,0.111111
48,6,0,30,18,0
48,6,0,30,18,0
48,6,0,30,18,0
48,6,0,30,18,0
48,6,0,30,18,0
48,6,0,30,18,0
48,6,0,30,18,0
783,0,6,28,20,0.111111
48,6,0,30,18,0
48,6,0,30,18,0
48,6,0,30,18,0
48,6,0,30,18,0
48,6,0,30,18,0
48,6,0,30,18,0
48,6,0,30,18,0
796,0,6,26,22,0.111111
48,6,0,30,18,0
48,6,0,30,18,0
48,6,0,30,18,0
48,6,0,30,18,0
48,6,0,30,18,0
48,6,0,30,18,0
48,6,0,30,18,0
750,0,6,28,20,0.111111
48,6,0,30,18,0
48,6,0,30,18,0
48,6,0,30,18,0
48,6,0,30,18,0
48,6,0,30,18,0
48,6,0,30,18,0
48,6,0,30,18,0
810,0,6,26,22,0.111111
48,6,0,30,18,0
48,6,0,30,18,0
48,6,0,30,18,0
48,6,0,30,18,0
48,6,0,30,18,0
48,6,0,30,18,0
48,6,0,30,18,0
811,0,6,27,21,0.111111
48,6,0,30,18,0
48,6,0,30,18,0
48,6,0,30,18,0
48,6,0,30,18,0
48,6,0,30,18,0
48,6,0,30,18,0
48,6,0,30,18,0
766,0,6,25,23,0.111111
48,6,0,30,18,0
48,6,0,30,18,0
48,6,0,30,18,0
48,6,0,30,18,0
48,6,0,30,18,0
48,6,0,30,18,0
48,6,0,30,18,0
810,0,6,26,22,0.111111
48,6,0,30,18,0
48,6,0,30,18,0
48,6,0,30,18,0
48,6,0,30,18,0
48,6,0,30,18,0
48,6,0,30,18,0
48,6,0,30,18,0
759,0,6,26,22,0.111111
48,6,0,30,18,0
48,6,0,30,18,0
48,6,0,30,18,0
48,6,0,30,18,0
48,6,0,30,18,0
48,6,0,30,18,0
48,6,0,30,18,0
803,0,6,27,21,0.111111
48,6,0,30,18,0
48,6,0,30,18,0
48,6,0,30,18,0
48,6,0,30,18,0
48,6,0,30,18,0
48,6,0,30,18,0
48,6,0,30,18,0
806,0,6,26,22,0.111111
48,6,0,30,18,0
48,6,0,30,18,0
48,6,0,30,18,0
48,6,0,30,18,0
48,6,0,30,18,0
48,6,0,30,18,0
48,6,0,30,18,0
850,0,6,28,20,0.111111
48,6,0,30,18,0
48,6,0,30,18,0
48,6,0,30,18,0
48,6,0,30,18,0
48,6,0,30,18,0
48,6,0,30,18,0
48,6,0,30,18,0
757,0,6,28,20,0.111111
48,6,0,30,18,0
48,6,0,30,18,0
48,6,0,30,18,0
48,6,0,30,18,0
48,6,0,30,18,0
48,6,0,30,18,0
48,6,0,30,18,0
809,0,6,25,23,0.111111
48,6,0,30,18,0
48,6,0,30,18,0
48,6,0,30,18,0
48,6,0,30,18,0
48,6,0,30,18,0
48,6,0,30,18,0
48,6,0,30,18,0
794,0,6,27,21,0.111111
48,6,0,30,18,0
48,6,0,30,18,0
48,6,0,30,18,0
48,6,0,30,18,0
48,6,0,30,18,0
48,6,0,30,18,0
48,6,0,30,18,0
830,0,6,28,20,0.111111
48,6,0,30,18,0
48,6,0,30,18,0
48,6,0,30,18,0
48,6,0,30,18,0
48,6,0,30,18,0
48,6,0,30,18,0
48,6,0,30,18,0
798,0,6,26,22,0.111111
48,6,0,30,18,0
48,6,0,30,18,0
48,6,0,30,18,0
48,6,0,30,18,0
48,6,0,30,18,0
48,6,0,30,18,0
48,6,0,30,18,0
757,0,6,29,19,0.111111
48,6,0,30,18,0
48,6,0,30,18,0
48,6,0,30,18,0
48,6,0,30,18,0
48,6,0,30,18,0
48,6,0,30,18,0
48,6,0,30,18,0
749,0,6,27,21,0.111111
48,6,0,30,18,0
48,6,0,30,18,0
48,6,0,30,18,0
48,6,0,30,18,0
48,6,0,30,18,0
48,6,0,30,18,0
48,6,0,30,18,0
760,0,6,27,21,0.111111
48,6,0,30,18,0
48,6,0,30,18,0
48,6,0,30,18,0
48,6,0,30,18,0
48,6,0,30,18,0
48,6,0,30,18,0
48,6,0,30,18,0
813,0,6,26,22,0.111111
48,6,0,30,18,0
48,6,0,30,18,0
48,6,0,30,18,0
48,6,0,30,18,0
48,6,0,30,18,0
48,6,0,30,18,0
48,6,0,30,18,0
758,0,6,28,20,0.111111
48,6,0,30,18,0
48,6,0,30,18,0
48,6,0,30,18,0
48,6,0,30,18,0
48,6,0,30,18,0
48,6,0,30,18,0
48,6,0,30,18,0
793,0,6,26,22,0.111111
48,6,0,30,18,0
48,6,0,30,18,0
48,6,0,30,18,0
48,6,0,30,18,0
48,6,0,30,18,0
48,6,0,30,18,0
48,6,0,30,18,0
804,0,6,28,20,0.111111
48,6,0,30,18,0
48,6,0,30,18,0
48,6,0,30,18,0
48,6,0,30,18,0
48,6,0,30,18,0
48,6,0,30,18,0
48,6,0,30,18,0
793,0,6,27,21,0.111111
48,6,0,30,18,0
48,6,0,30,18,0
48,6,0,30,18,0
48,6,0,30,18,0
48,6,0,30,18,0
48,6,0,30,18,0
48,6,0,30,18,0
743,0,6,28,20,0.111111
48,6,0,30,18,0
48,6,0,30,18,0
48,6,0,30,18,0
48,6,0,30,18,0
48,6,0,30,18,0
48,6,0,30,18,0
48,6,0,30,18,0
751,0,6,27,21,0.111111
48,6,0,30,18,0
48,6,0,30,18,0
48,6,0,30,18,0
48,6,0,30,18,0
48,6,0,30,18,0
48,6,0,30,18,0
48,6,0,30,18,0
775,0,6,26,22,0.111111
48,6,0,30,18,0
48,6,0,30,18,0
48,6,0,30,18,0
48,6,0,30,18,0
48,6,0,30,18,0
48,6,0,30,18,0
48,6,0,30,18,0
759,0,6,27,21,0.111111
48,6,0,30,18,0
48,6,0,30,18,0
48,6,0,30,18,0
48,6,0,30,18,0
48,6,0,30,18,0
48,6,0,30,18,0
48,6,0,30,18,0
760,0,6,27,21,0.111111
48,6,0,30,18,0
48,6,0,30,18,0
48,6,0,30,18,0
48,6,0,30,18,0
48,6,0,30,18,0
48,6,0,30,18,0
48,6,0,30,18,0
741,0,6,26,22,0.111111
48,6,0,30,18,0
48,6,0,30,18,0
48,6,0,30,18,0
48,6,0,30,18,0
48,6,0,30,18,0
48,6,0,30,18,0
48,6,0,30,18,0
779,0,6,27,21,0.111111
48,6,0,30,18,0
48,6,0,30,18,0
48,6,0,30,18,0
48,6,0,30,18,0
48,6,0,30,18,0
48,6,0,30,18,0
48,6,0,30,18,0
761,0,6,27,21,0.111111
48,6,0,30,18,0
48,6,0,30,18,0
48,6,0,30,18,0
48,6,0,30,18,0
48,6,0,30,18,0
48,6,0,30,18,0
48,6,0,30,18,0
746,0,6,27,21,0.111111
48,6,0,30,18,0
48,6,0,30,18,0
48,6,0,30,18,0
48,6,0,30,18,0
48,6,0,30,18,0
48,6,0,30,18,0
48,6,0,30,18,0
741,0,6,27,21,0.111111
48,6,0,30,18,0
48,6,0,30,18,0
48,6,0,30,18,0
48,6,0,30,18,0
48,6,0,30,18,0
48,6,0,30,18,0
48,6,0,30,18,0
747,0,6,25,23,0.111111
48,6,0,30,18,0
48,6,0,30,18,0
48,6,0,30,18,0
48,6,0,30,18,0
48,6,0,30,18,0
48,6,0,30,18,0
48,6,0,30,18,0
774,0,6,28,20,0.111111
48,6,0,30,18,0
48,6,0,30,18,0
48,6,0,30,18,0
48,6,0,30,18,0
48,6,0,30,18,0
48,6,0,30,18,0
48,6,0,30,18,0
732,0,6,29,19,0.111111
48,6,0,30,18,0
48,6,0,30,18,0
48,6,0,30,18,0
48,6,0,30,18,0
48,6,0,30,18,0
48,6,0,30,18,0
48,6,0,30,18,0
724,0,6,28,20,0.111111
48,6,0,30,18,0
48,6,0,30,18,0
48,6,0,30,18,0
48,6,0,30,18,0
48,6,0,30,18,0
48,6,0,30,18,0
48,6,0,30,18,0
731,0,6,28,20,0.111111
48,6,0,30,18,0
48,6,0,30,18,0
48,6,0,30,18,0
48,6,0,30,18,0
48,6,0,30,18,0
48,6,0,30,18,0
48,6,0,30,18,0
696,0,6,28,20,0.111111
48,6,0,30,18,0
48,6,0,30,18,0
48,6,0,30,18,0
48,6,0,30,18,0
48,6,0,30,18,0
48,6,0,30,18,0
48,6,0,30,18,0
778,0,6,28,20,0.111111
48,6,0,30,18,0
48,6,0,30,18,0
48,6,0,30,18,0
48,6,0,30,18,0
48,6,0,30,18,0
48,6,0,30,18,0
48,6,0,30,18,0
737,0,6,27,21,0.111111
48,6,0,30,18,0
48,6,0,30,18,0
48,6,0,30,18,0
48,6,0,30,18,0
48,6,0,30,18,0
48,6,0,30,18,0
48,6,0,30,18,0
699,0,6,25,23,0.111111
48,6,0,30,18,0
48,6,0,30,18,0
48,6,0,30,18,0
48,6,0,30,18,0
48,6,0,30,18,0
48,6,0,30,18,0
48,6,0,30,18,0
767,0,6,26,22,0.111111
48,6,0,30,18,0
48,6,0,30,18,0
48,6,0,30,18,0
48,6,0,30,18,0
48,6,0,30,18,0
48,6,0,30,18,0
48,6,0,30,18,0
753,0,6,24,24,0.111111
48,6,0,30,18,0
48,6,0,30,18,0
48,6,0,30,18,0
48,6,0,30,18,0
48,6,0,30,18,0
48,6,0,30,18,0
48,6,0,30,18,0
717,0,6,26,22,0.111111
48,6,0,30,18,0
48,6,0,30,18,0
48,6,0,30,18,0
48,6,0,30,18,0
48,6,0,30,18,0
48,6,0,30,18,0
48,6,0,30,18,0
697,0,6,27,21,0.111111
48,6,0,30,18,0
48,6,0,30,18,0
48,6,0,30,18,0
48,6,0,30,18,0
48,6,0,30,18,0
48,6,0,30,18,0
48,6,0,30,18,0
716,0,6,27,21,0.111111
48,6,0,30,18,0
48,6,0,30,18,0
48,6,0,30,18,0
48,6,0,30,18,0
48,6,0,30,18,0
48,6,0,30,18,0
48,6,0,30,18,0
707,0,6,28,20,0.111111
48,6,0,30,18,0
48,6,0,30,18,0
48,6,0,30,18,0
48,6,0,30,18,0
48,6,0,30,18,0
48,6,0,30,18,0
48,6,0,30,18,0
644,0,6,28,20,0.111111
48,6,0,30,18,0
48,6,0,30,18,0
48,6,0,30,18,0
48,6,0,30,18,0
48,6,0,30,18,0
48,6,0,30,18,0
48,6,0,30,18,0
707,0,6,24,24,0.111111
48,6,0,30,18,0
48,6,0,30,18,0
48,6,0,30,18,0
48,6,0,30,18,0
48,6,0,30,18,0
48,6,0,30,18,0
48,6,0,30,18,0
744,0,6,28,20,0.111111
48,6,0,30,18,0
48,6,0,30,18,0
48,6,0,30,18,0
48,6,0,30,18,0
48,6,0,30,18,0
48,6,0,30,18,0
48,6,0,30,18,0
662,0,6,28,20,0.111111
48,6,0,30,18,0
48,6,0,30,18,0
48,6,0,30,18,0
48,6,0,30,18,0
48,6,0,30,18,0
48,6,0,30,18,0
48,6,0,30,18,0
703,0,6,25,23,0.111111
48,6,0,30,18,0
48,6,0,30,18,0
48,6,0,30,18,0
48,6,0,30,18,0
48,6,0,30,18,0
48,6,0,30,18,0
48,6,0,30,18,0
675,0,6,25,23,0.111111
48,6,0,30,18,0
48,6,0,30,18,0
48,6,0,30,18,0
48,6,0,30,18,0
48,6,0,30,18,0
48,6,0,30,18,0
48,6,0,30,18,0
695,0,6,27,21,0.111111
48,6,0,30,18,0
48,6,0,30,18,0
48,6,0,30,18,0
48,6,0,30,18,0
48,6,0,30,18,0
48,6,0,30,18,0
48,6,0,30,18,0
732,0,6,28,20,0.111111
48,6,0,30,18,0
48,6,0,30,18,0
48,6,0,30,18,0
48,6,0,30,18,0
48,6,0,30,18,0
48,6,0,30,18,0
48,6,0,30,18,0
684,0,6,27,21,0.111111
48,6,0,30,18,0
48,6,0,30,18,0
48,6,0,30,18,0
48,6,0,30,18,0
48,6,0,30,18,0
48,6,0,30,18,0
48,6,0,30,18,0
637,0,6,26,22,0.111111
48,6,0,30,18,0
48,6,0,30,18,0
48,6,0,30,18,0
48,6,0,30,18,0
48,6,0,30,18,0
48,6,0,30,18,0
48,6,0,30,18,0
695,0,6,27,21,0.111111
48,6,0,30,18,0
48,6,0,30,18,0
48,6,0,30,18,0
48,6,0,30,18,0
48,6,0,30,18,0
48,6,0,30,18,0
48,6,0,30,18,0
686,0,6,27,21,0.111111
48,6,0,30,18,0
48,6,0,30,18,0
48,6,0,30,18,0
48,6,0,30,18,0
48,6,0,30,18,0
48,6,0,30,18,0
48,6,0,30,18,0
678,0,6,27,21,0.111111
48,6,0,30,18,0
48,6,0,30,18,0
48,6,0,30,18,0
48,6,0,30,18,0
48,6,0,30,18,0
48,6,0,30,18,0
48,6,0,30,18,0
688,0,6,24,24,0.111111
48,6,0,30,18,0
48,6,0,30,18,0
48,6,0,30,18,0
48,6,0,30,18,0
48,6,0,30,18,0
48,6,0,30,18,0
48,6,0,30,18,0
703,0,6,28,20,0.111111
48,6,0,30,18,0
48,6,0,30,18,0
48,6,0,30,18,0
48,6,0,30,18,0
48,6,0,30,18,0
48,6,0,30,18,0
48,6,0,30,18,0
676,0,6,28,20,0.111111
48,6,0,30,18,0
48,6,0,30,18,0
48,6,0,30,18,0
48,6,0,30,18,0
48,6,0,30,18,0
48,6,0,30,18,0
48,6,0,30,18,0
663,0,6,28,20,0.111111
48,6,0,30,18,0
48,6,0,30,18,0
48,6,0,30,18,0
48,6,0,30,18,0
48,6,0,30,18,0
48,6,0,30,18,0
48,6,0,30,18,0
681,0,6,26,22,0.111111
48,6,0,30,18,0
48,6,0,30,18,0
48,6,0,30,18,0
48,6,0,30,18,0
48,6,0,30,18,0
48,6,0,30,18,0
48,6,0,30,18,0
630,0,6,28,20,0.111111
48,6,0,30,18,0
48,6,0,30,18,0
48,6,0,30,18,0
48,6,0,30,18,0
48,6,0,30,18,0
48,6,0,30,18,0
48,6,0,30,18,0
654,0,6,27,21,0.111111
48,6,0,30,18,0
48,6,0,30,18,0
48,6,0,30,18,0
48,6,0,30,18,0
48,6,0,30,18,0
48,6,0,30,18,0
48,6,0,30,18,0
677,0,6,26,22,0.111111
48,6,0,30,18,0
48,6,0,30,18,0
48,6,0,30,18,0
48,6,0,30,18,0
48,6,0,30,18,0
48,6,0,30,18,0
48,6,0,30,18,0
670,0,6,27,21,0.111111
48,6,0,30,18,0
48,6,0,30,18,0
48,6,0,30,18,0
48,6,0,30,18,0
48,6,0,30,18,0
48,6,0,30,18,0
48,6,0,30,18,0
659,0,6,26,22,0.111111
48,6,0,30,18,0
48,6,0,30,18,0
48,6,0,30,18,0
48,6,0,30,18,0
48,6,0,30,18,0
48,6,0,30,18,0
48,6,0,30,18,0
608,0,6,27,21,0.111111
48,6,0,30,18,0
48,6,0,30,18,0
48,6,0,30,18,0
48,6,0,30,18,0
48,6,0,30,18,0
48,6,0,30,18,0
48,6,0,30,18,0
682,0,6,28,20,0.111111
48,6,0,30,18,0
48,6,0,30,18,0
48,6,0,30,18,0
48,6,0,30,18,0
48,6,0,30,18,0
48,6,0,30,18,0
48,6,0,30,18,0
645,0,6,25,23,0.111111
48,6,0,30,18,0
48,6,0,30,18,0
48,6,0,30,18,0
48,6,0,30,18,0
48,6,0,30,18,0
48,6,0,30,18,0
48,6,0,30,18,0
658,0,6,26,22,0.111111
48,6,0,30,18,0
48,6,0,30,18,0
48,6,0,30,18,0
48,6,0,30,18,0
48,6,0,30,18,0
48,6,0,30,18,0
48,6,0,30,18,0
696,0,6,28,20,0.111111
48,6,0,30,18,0
48,6,0,30,18,0
48,6,0,30,18,0
48,6,0,30,18,0
48,6,0,30,18,0
48,6,0,30,18,0
48,6,0,30,18,0
647,0,6,25,23,0.111111
48,6,0,30,18,0
48,6,0,30,18,0
48,6,0,30,18,0
48,6,0,30,18,0
48,6,0,30,18,0
48,6,0,30,18,0
48,6,0,30,18,0
651,0,6,28,20,0.111111
48,6,0,30,18,0
48,6,0,30,18,0
48,6,0,30,18,0
48,6,0,30,18,0
48,6,0,30,18,0
48,6,0,30,18,0
48,6,0,30,18,0
677,0,6,27,21,0.111111
48,6,0,30,18,0
48,6,0,30,18,0
48,6,0,30,18,0
48,6,0,30,18,0
48,6,0,30,18,0
48,6,0,30,18,0
48,6,0,30,18,0
628,0,6,26,22,0.111111
48,6,0,30,18,0
48,6,0,30,18,0
48,6,0,30,18,0
48,6,0,30,18,0
48,6,0,30,18,0
48,6,0,30,18,0
48,6,0,30,18,0
606,0,6,27,21,0.111111
48,6,0,30,18,0
48,6,0,30,18,0
48,6,0,30,18,0
48,6,0,30,18,0
48,6,0,30,18,0
48,6,0,30,18,0
48,6,0,30,18,0
653,0,6,27,21,0.111111
48,6,0,30,18,0
48,6,0,30,18,0
48,6,0,30,18,0
48,6,0,30,18,0
48,6,0,30,18,0
48,6,0,30,18,0
48,6,0,30,18,0
675,0,6,25,23,0.111111
48,6,0,30,18,0
48,6,0,30,18,0
48,6,0,30,18,0
48,6,0,30,18,0
48,6,0,30,18,0
48,6,0,30,18,0
48,6,0,30,18,0
614,0,6,28,20,0.111111
48,6,0,30,18,0
48,6,0,30,18,0
48,6,0,30,18,0
48,6,0,30,18,0
48,6,0,30,18,0
48,6,0,30,18,0
48,6,0,30,18,0
616,0,6,27,21,0.111111
48,6,0,30,18,0
48,6,0,30,18,0
48,6,0,30,18,0
48,6,0,30,18,0
48,6,0,30,18,0
48,6,0,30,18,0
48,6,0,30,18,0
608,0,6,27,21,0.111111
48,6,0,30,18,0
48,6,0,30,18,0
48,6,0,30,18,0
48,6,0,30,18,0
48,6,0,30,18,0
48,6,0,30,18,0
48,6,0,30,18,0
636,0,6,26,22,0.111111
48,6,0,30,18,0
48,6,0,30,18,0
48,6,0,30,18,0
48,6,0,30,18,0
48,6,0,30,18,0
48,6,0,30,18,0
48,6,0,30,18,0
621,0,6,26,22,0.111111
48,6,0,30,18,0
48,6,0,30,18,0
48,6,0,30,18,0
48,6,0,30,18,0
48,6,0,30,18,0
48,6,0,30,18,0
48,6,0,30,18,0
647,0,6,27,21,0.111111
48,6,0,30,18,0
48,6,0,30,18,0
48,6,0,30,18,0
48,6,0,30,18,0
48,6,0,30,18,0
48,6,0,30,18,0
48,6,0,30,18,0
607,0,6,29,19,0.111111
48,6,0,30,18,0
48,6,0,30,18,0
48,6,0,30,18,0
48,6,0,30,18,0
48,6,0,30,18,0
48,6,0,30,18,0
48,6,0,30,18,0
617,0,6,26,22,0.111111
48,6,0,30,18,0
48,6,0,30,18,0
48,6,0,30,18,0
48,6,0,30,18,0
48,6,0,30,18,0
48,6,0,30,18,0
48,6,0,30,18,0
596,0,6,26,22,0.111111
48,6,0,30,18,0
48,6,0,30,18,0
48,6,0,30,18,0
48,6,0,30,18,0
48,6,0,30,18,0
48,6,0,30,18,0
48,6,0,30,18,0
598,0,6,27,21,0.111111
48,6,0,30,18,0
48,6,0,30,18,0
48,6,0,30,18,0
48,6,0,30,18,0
48,6,0,30,18,0
48,6,0,30,18,0
48,6,0,30,18,0
598,0,6,27,21,0.111111
48,6,0,30,18,0
48,6,0,30,18,0
48,6,0,30,18,0
48,6,0,30,18,0
48,6,0,30,18,0
48,6,0,30,18,0
48,6,0,30,18,0
565,0,6,26,22,0.111111
48,6,0,30,18,0
48,6,0,30,18,0
48,6,0,30,18,0
48,6,0,30,18,0
48,6,0,30,18,0
48,6,0,30,18,0
48,6,0,30,18,0
595,0,6,28,20,0.111111
48,6,0,30,18,0
48,6,0,30,18,0
48,6,0,30,18,0
48,6,0,30,18,0
48,6,0,30,18,0
48,6,0,30,18,0
48,6,0,30,18,0
640,0,6,26,22,0.111111
48,6,0,30,18,0
48,6,0,30,18,0
48,6,0,30,18,0
48,6,0,30,18,0
48,6,0,30,18,0
48,6,0,30,18,0
48,6,0,30,18,0
562,0,6,26,22,0.111111
48,6,0,30,18,0
48,6,0,30,18,0
48,6,0,30,18,0
48,6,0,30,18,0
48,6,0,30,18,0
48,6,0,30,18,0
48,6,0,30,18,0
609,0,6,26,22,0.111111
48,6,0,30,18,0
48,6,0,30,18,0
48,6,0,30,18,0
48,6,0,30,18,0
48,6,0,30,18,0
48,6,0,30,18,0
48,6,0,30,18,0
588,0,6,26,22,0.111111
48,6,0,30,18,0
48,6,0,30,18,0
48,6,0,30,18,0
48,6,0,30,18,0
48,6,0,30,18,0
48,6,0,30,18,0
48,6,0,30,18,0
611,0,6,28,20,0.111111
48,6,0,30,18,0
48,6,0,30,18,0
48,6,0,30,18,0
48,6,0,30,18,0
48,6,0,30,18,0
48,6,0,30,18,0
48,6,0,30,18,0
584,0,6,28,20,0.111111
48,6,0,30,18,0
48,6,0,30,18,0
48,6,0,30,18,0
48,6,0,30,18,0
48,6,0,30,18,0
48,6,0,30,18,0
48,6,0,30,18,0
643,0,6,29,19,0.111111
48,6,0,30,18,0
48,6,0,30,18,0
48,6,0,30,18,0
48,6,0,30,18,0
48,6,0,30,18,0
48,6,0,30,18,0
48,6,0,30,18,0
576,0,6,26,22,0.111111
48,6,0,30,18,0
48,6,0,30,18,0
48,6,0,30,18,0
48,6,0,30,18,0
48,6,0,30,18,0
48,6,0,30,18,0
48,6,0,30,18,0
581,0,6,28,20,0.111111
48,6,0,30,18,0
48,6,0,30,18,0
48,6,0,30,18,0
48,6,0,30,18,0
48,6,0,30,18,0
48,6,0,30,18,0
48,6,0,30,18,0
620,0,6,25,23,0.111111
48,6,0,30,18,0
48,6,0,30,18,0
48,6,0,30,18,0
48,6,0,30,18,0
48,6,0,30,18,0
48,6,0,30,18,0
48,6,0,30,18,0
555,0,6,30,18,0.111111
48,6,0,30,18,0
48,6,0,30,18,0
48,6,0,30,18,0
48,6,0,30,18,0
48,6,0,30,18,0
48,6,0,30,18,0
48,6,0,30,18,0
595,0,6,26,22,0.111111
48,6,0,30,18,0
48,6,0,30,18,0
48,6,0,30,18,0
48,6,0,30,18,0
48,6,0,30,18,0
48,6,0,30,18,0
48,6,0,30,18,0
578,0,6,26,22,0.111111
48,6,0,30,18,0
48,6,0,30,18,0
48,6,0,30,18,0
48,6,0,30,18,0
48,6,0,30,18,0
48,6,0,30,18,0
48,6,0,30,18,0
586,0,6,26,22,0.111111
48,6,0,30,18,0
48,6,0,30,18,0
48,6,0,30,18,0
48,6,0,30,18,0
48,6,0,30,18,0
48,6,0,30,18,0
48,6,0,30,18,0
546,0,6,29,19,0.111111
48,6,0,30,18,0
48,6,0,30,18,0
48,6,0,30,18,0
48,6,0,30,18,0
48,6,0,30,18,0
48,6,0,30,18,0
48,6,0,30,18,0
595,0,6,27,21,0.111111
48,6,0,30,18,0
48,6,0,30,18,0
48,6,0,30,18,0
48,6,0,30,18,0
48,6,0,30,18,0
48,6,0,30,18,0
48,6,0,30,18,0
532,0,6,26,22,0.111111
48,6,0,30,18,0
48,6,0,30,18,0
48,6,0,30,18,0
48,6,0,30,18,0
48,6,0,30,18,0
48,6,0,30,18,0
48,6,0,30,18,0
517,0,6,26,22,0.111111
48,6,0,30,18,0
48,6,0,30,18,0
48,6,0,30,18,0
48,6,0,30,18,0
48,6,0,30,18,0
48,6,0,30,18,0
48,6,0,30,18,0
556,0,6,25,23,0.111111
48,6,0,30,18,0
48,6,0,30,18,0
48,6,0,30,18,0
48,6,0,30,18,0
48,6,0,30,18,0
48,6,0,30,18,0
48,6,0,30,18,0
551,0,6,26,22,0.111111
48,6,0,30,18,0
48,6,0,30,18,0
48,6,0,30,18,0
48,6,0,30,18,0
48,6,0,30,18,0
48,6,0,30,18,0
48,6,0,30,18,0
544,0,6,27,21,0.111111
48,6,0,30,18,0
48,6,0,30,18,0
48,6,0,30,18,0
48,6,0,30,18,0
48,6,0,30,18,0
48,6,0,30,18,0
48,6,0,30,18,0
570,0,6,26,22,0.111111
48,6,0,30,18,0
48,6,0,30,18,0
48,6,0,30,18,0
48,6,0,30,18,0
48,6,0,30,18,0
48,6,0,30,18,0
48,6,0,30,18,0
515,0,6,27,21,0.111111
48,6,0,30,18,0
48,6,0,30,18,0
48,6,0,30,18,0
48,6,0,30,18,0
48,6,0,30,18,0
48,6,0,30,18,0
48,6,0,30,18,0
537,0,6,27,21,0.111111
48,6,0,30,18,0
48,6,0,30,18,0
48,6,0,30,18,0
48,6,0,30,18,0
48,6,0,30,18,0
48,6,0,30,18,0
48,6,0,30,18,0
501,0,6,26,22,0.111111
48,6,0,30,18,0
48,6,0,30,18,0
48,6,0,30,18,0
48,6,0,30,18,0
48,6,0,30,18,0
48,6,0,30,18,0
48,6,0,30,18,0
476,0,6,27,21,0.111111
48,6,0,30,18,0
48,6,0,30,18,0
48,6,0,30,18,0
48,6,0,30,18,0
48,6,0,30,18,0
48,6,0,30,18,0
48,6,0,30,18,0
524,0,6,27,21,0.111111
48,6,0,30,18,0
48,6,0,30,18,0
48,6,0,30,18,0
48,6,0,30,18,0
48,6,0,30,18,0
48,6,0,30,18,0
48,6,0,30,18,0
530,0,6,27,21,0.111111
48,6,0,30,18,0
48,6,0,30,18,0
48,6,0,30,18,0
48,6,0,30,18,0
48,6,0,30,18,0
48,6,0,30,18,0
48,6,0,30,18,0
489,0,6,27,21,0.111111
48,6,0,30,18,0
48,6,0,30,18,0
48,6,0,30,18,0
48,6,0,30,18,0
48,6,0,30,18,0
48,6,0,30,18,0
48,6,0,30,18,0
519,0,6,27,21,0.111111
48,6,0,30,18,0
48,6,0,30,18,0
48,6,0,30,18,0
48,6,0,30,18,0
48,6,0,30,18,0
48,6,0,30,18,0
48,6,0,30,18,0
575,0,6,25,23,0.111111
48,6,0,30,18,0
48,6,0,30,18,0
48,6,0,30,18,0
48,6,0,30,18,0
48,6,0,30,18,0
48,6,0,30,18,0
48,6,0,30,18,0
565,0,6,28,20,0.111111
48,6,0,30,18,0
48,6,0,30,18,0
48,6,0,30,18,0
48,6,0,30,18,0
48,6,0,30,18,0
48,6,0,30,18,0
48,6,0,30,18,0
513,0,6,29,19,0.111111
48,6,0,30,18,0
48,6,0,30,18,0
48,6,0,30,18,0
48,6,0,30,18,0
48,6,0,30,18,0
48,6,0,30,18,0
48,6,0,30,18,0
545,0,6,28,20,0.111111
48,6,0,30,18,0
48,6,0,30,18,0
48,6,0,30,18,0
48,6,0,30,18,0
48,6,0,30,18,0
48,6,0,30,18,0
48,6,0,30,18,0
504,0,6,25,23,0.111111
48,6,0,30,18,0
48,6,0,30,18,0
48,6,0,30,18,0
48,6,0,30,18,0
48,6,0,30,18,0
48,6,0,30,18,0
48,6,0,30,18,0
495,0,6,25,23,0.111111
48,6,0,30,18,0
48,6,0,30,18,0
48,6,0,30,18,0
48,6,0,30,18,0
48,6,0,30,18,0
48,6,0,30,18,0
48,6,0,30,18,0
513,0,6,28,20,0.111111
48,6,0,30,18,0
48,6,0,30,18,0
48,6,0,30,18,0
48,6,0,30,18,0
48,6,0,30,18,0
48,6,0,30,18,0
48,6,0,30,18,0
474,0,6,27,21,0.111111
48,6,0,30,18,0
48,6,0,30,18,0
48,6,0,30,18,0
48,6,0,30,18,0
48,6,0,30,18,0
48,6,0,30,18,0
48,6,0,30,18,0
490,0,6,27,21,0.111111
48,6,0,30,18,0
48,6,0,30,18,0
48,6,0,30,18,0
48,6,0,30,18,0
48,6,0,30,18,0
48,6,0,30,18,0
48,6,0,30,18,0
527,0,6,25,23,0.111111
48,6,0,30,18,0
48,6,0,30,18,0
48,6,0,30,18,0
48,6,0,30,18,0
48,6,0,30,18,0
48,6,0,30,18,0
48,6,0,30,18,0
515,0,6,25,23,0.111111
48,6,0,30,18,0
48,6,0,30,18,0
48,6,0,30,18,0
48,6,0,30,18,0
48,6,0,30,18,0
48,6,0,30,18,0
48,6,0,30,18,0
503,0,6,27,21,0.111111
48,6,0,30,18,0
48,6,0,30,18,0
48,6,0,30,18,0
48,6,0,30,18,0
48,6,0,30,18,0
48,6,0,30,18,0
48,6,0,30,18,0
475,0,6,28,20,0.111111
48,6,0,30,18,0
48,6,0,30,18,0
48,6,0,30,18,0
48,6,0,30,18,0
48,6,0,30,18,0
48,6,0,30,18,0
48,6,0,30,18,0
466,0,6,27,21,0.111111
48,6,0,30,18,0
48,6,0,30,18,0
48,6,0,30,18,0
48,6,0,30,18,0
48,6,0,30,18,0
48,6,0,30,18,0
48,6,0,30,18,0
493,0,6,27,21,0.111111
48,6,0,30,18,0
48,6,0,30,18,0
48,6,0,30,18,0
48,6,0,30,18,0
48,6,0,30,18,0
48,6,0,30,18,0
48,6,0,30,18,0
512,0,6,27,21,0.111111
48,6,0,30,18,0
48,6,0,30,18,0
48,6,0,30,18,0
48,6,0,30,18,0
48,6,0,30,18,0
48,6,0,30,18,0
48,6,0,30,18,0
487,0,6,24,24,0.111111
48,6,0,30,18,0
48,6,0,30,18,0
48,6,0,30,18,0
48,6,0,30,18,0
48,6,0,30,18,0
48,6,0,30,18,0
48,6,0,30,18,0
477,0,6,26,22,0.111111
48,6,0,30,18,0
48,6,0,30,18,0
48,6,0,30,18,0
48,6,0,30,18,0
48,6,0,30,18,0
48,6,0,30,18,0
48,6,0,30,18,0
483,0,6,28,20,0.111111
48,6,0,30,18,0
48,6,0,30,18,0
48,6,0,30,18,0
48,6,0,30,18,0
48,6,0,30,18,0
48,6,0,30,18,0
48,6,0,30,18,0
488,0,6,27,21,0.111111
48,6,0,30,18,0
48,6,0,30,18,0
48,6,0,30,18,0
48,6,0,30,18,0
48,6,0,30,18,0
48,6,0,30,18,0
48,6,0,30,18,0
464,0,6,27,21,0.111111
48,6,0,30,18,0
48,6,0,30,18,0
48,6,0,30,18,0
48,6,0,30,18,0
48,6,0,30,18,0
48,6,0,30,18,0
48,6,0,30,18,0
475,0,6,26,22,0.111111
48,6,0,30,18,0
48,6,0,30,18,0
48,6,0,30,18,0
48,6,0,30,18,0
48,6,0,30,18,0
48,6,0,30,18,0
48,6,0,30,18,0
487,0,6,27,21,0.111111
48,6,0,30,18,0
48,6,0,30,18,0
48,6,0,30,18,0
48,6,0,30,18,0
48,6,0,30,18,0
48,6,0,30,18,0
48,6,0,30,18,0
508,0,6,25,23,0.111111
48,6,0,30,18,0
48,6,0,30,18,0
48,6,0,30,18,0
48,6,0,30,18,0
48,6,0,30,18,0
48,6,0,30,18,0
48,6,0,30,18,0
485,0,6,25,23,0.111111
48,6,0,30,18,0
48,6,0,30,18,0
48,6,0,30,18,0
48,6,0,30,18,0
48,6,0,30,18,0
48,6,0,30,18,0
48,6,0,30,18,0
413,0,6,27,21,0.111111
48,6,0,30,18,0
48,6,0,30,18,0
48,6,0,30,18,0
48,6,0,30,18,0
48,6,0,30,18,0
48,6,0,30,18,0
48,6,0,30,18,0
457,0,6,27,21,0.111111
48,6,0,30,18,0
48,6,0,30,18,0
48,6,0,30,18,0
48,6,0,30,18,0
48,6,0,30,18,0
48,6,0,30,18,0
48,6,0,30,18,0
456,0,6,27,21,0.111111
48,6,0,30,18,0
48,6,0,30,18,0
48,6,0,30,18,0
48,6,0,30,18,0
48,6,0,30,18,0
48,6,0,30,18,0
48,6,0,30,18,0
461,0,6,25,23,0.111111
48,6,0,30,18,0
48,6,0,30,18,0
48,6,0,30,18,0
48,6,0,30,18,0
48,6,0,30,18,0
48,6,0,30,18,0
48,6,0,30,18,0
468,0,6,27,21,0.111111
48,6,0,30,18,0
48,6,0,30,18,0
48,6,0,30,18,0
48,6,0,30,18,0
48,6,0,30,18,0
48,6,0,30,18,0
48,6,0,30,18,0
471,0,6,27,21,0.111111
48,6,0,30,18,0
48,6,0,30,18,0
48,6,0,30,18,0
48,6,0,30,18,0
48,6,0,30,18,0
48,6,0,30,18,0
48,6,0,30,18,0
464,0,6,26,22,0.111111
48,6,0,30,18,0
48,6,0,30,18,0
48,6,0,30,18,0
48,6,0,30,18,0
48,6,0,30,18,0
48,6,0,30,18,0
48,6,0,30,18,0
466,0,6,25,23,0.111111
48,6,0,30,18,0
48,6,0,30,18,0
48,6,0,30,18,0
48,6,0,30,18,0
48,6,0,30,18,0
48,6,0,30,18,0
48,6,0,30,18,0
451,0,6,26,22,0.111111
48,6,0,30,18,0
48,6,0,30,18,0
48,6,0,30,18,0
48,6,0,30,18,0
48,6,0,30,18,0
48,6,0,30,18,0
48,6,0,30,18,0
426,0,6,27,21,0.111111
48,6,0,30,18,0
48,6,0,30,18,0
48,6,0,30,18,0
48,6,0,30,18,0
48,6,0,30,18,0
48,6,0,30,18,0
48,6,0,30,18,0
453,0,6,26,22,0.111111
48,6,0,30,18,0
48,6,0,30,18,0
48,6,0,30,18,0
48,6,0,30,18,0
48,6,0,30,18,0
48,6,0,30,18,0
48,6,0,30,18,0
404,0,6,27,21,0.111111
48,6,0,30,18,0
48,6,0,30,18,0
48,6,0,30,18,0
48,6,0,30,18,0
48,6,0,30,18,0
48,6,0,30,18,0
48,6,0,30,18,0
430,0,6,28,20,0.111111
48,6,0,30,18,0
48,6,0,30,18,0
48,6,0,30,18,0
48,6,0,30,18,0
48,6,0,30,18,0
48,6,0,30,18,0
48,6,0,30,18,0
445,0,6,27,21,0.111111
48,6,0,30,18,0
48,6,0,30,18,0
48,6,0,30,18,0
48,6,0,30,18,0
48,6,0,30,18,0
48,6,0,30,18,0
48,6,0,30,18,0
407,0,6,28,20,0.111111
48,6,0,30,18,0
48,6,0,30,18,0
48,6,0,30,18,0
48,6,0,30,18,0
48,6,0,30,18,0
48,6,0,30,18,0
48,6,0,30,18,0
432,0,6,28,20,0.111111
48,6,0,30,18,0
48,6,0,30,18,0
48,6,0,30,18,0
48,6,0,30,18,0
48,6,0,30,18,0
48,6,0,30,18,0
48,6,0,30,18,0
445,0,6,26,22,0.111111
48,6,0,30,18,0
48,6,0,30,18,0
48,6,0,30,18,0
48,6,0,30,18,0
48,6,0,30,18,0
48,6,0,30,18,0
48,6,0,30,18,0
433,0,6,29,19,0.111111
48,6,0,30,18,0
48,6,0,30,18,0
48,6,0,30,18,0
48,6,0,30,18,0
48,6,0,30,18,0
48,6,0,30,18,0
48,6,0,30,18,0
427,0,6,25,23,0.111111
48,6,0,30,18,0
48,6,0,30,18,0
48,6,0,30,18,0
48,6,0,30,18,0
48,6,0,30,18,0
48,6,0,30,18,0
48,6,0,30,18,0
403,0,6,24,24,0.111111
48,6,0,30,18,0
48,6,0,30,18,0
48,6,0,30,18,0
48,6,0,30,18,0
48,6,0,30,18,0
48,6,0,30,18,0
48,6,0,30,18,0
398,0,6,30,18,0.111111
48,6,0,30,18,0
48,6,0,30,18,0
48,6,0,30,18,0
48,6,0,30,18,0
48,6,0,30,18,0
48,6,0,30,18,0
48,6,0,30,18,0
440,0,6,27,21,0.111111
48,6,0,30,18,0
48,6,0,30,18,0
48,6,0,30,18,0
48,6,0,30,18,0
48,6,0,30,18,0
48,6,0,30,18,0
48,6,0,30,18,0
408,0,6,25,23,0.111111
48,6,0,30,18,0
48,6,0,30,18,0
48,6,0,30,18,0
48,6,0,30,18,0
48,6,0,30,18,0
48,6,0,30,18,0
48,6,0,30,18,0
398,0,6,27,21,0.111111
48,6,0,30,18,0
48,6,0,30,18,0
48,6,0,30,18,0
48,6,0,30,18,0
48,6,0,30,18,0
48,6,0,30,18,0
48,6,0,30,18,0
419,0,6,27,21,0.111111
48,6,0,30,18,0
48,6,0,30,18,0
48,6,0,30,18,0
48,6,0,30,18,0
48,6,0,30,18,0
48,6,0,30,18,0
48,6,0,30,18,0
416,0,6,27,21,0.111111
48,6,0,30,18,0
48,6,0,30,18,0
48,6,0,30,18,0
48,6,0,30,18,0
48,6,0,30,18,0
48,6,0,30,18,0
48,6,0,30,18,0
399,0,6,27,21,0.111111
48,6,0,30,18,0
48,6,0,30,18,0
48,6,0,30,18,0
48,6,0,30,18,0
48,6,0,30,18,0
48,6,0,30,18,0
48,6,0,30,18,0
405,0,6,27,21,0.111111
48,6,0,30,18,0
48,6,0,30,18,0
48,6,0,30,18,0
48,6,0,30,18,0
48,6,0,30,18,0
48,6,0,30,18,0
48,6,0,30,18,0
380,0,6,27,21,0.111111
48,6,0,30,18,0
48,6,0,30,18,0
48,6,0,30,18,0
48,6,0,30,18,0
48,6,0,30,18,0
48,6,0,30,18,0
48,6,0,30,18,0
399,0,6,27,21,0.111111
48,6,0,30,18,0
48,6,0,30,18,0
48,6,0,30,18,0
48,6,0,30,18,0
48,6,0,30,18,0
48,6,0,30,18,0
48,6,0,30,18,0
380,0,6,27,21,0.111111
48,6,0,30,18,0
48,6,0,30,18,0
48,6,0,30,18,0
48,6,0,30,18,0
48,6,0,30,18,0
48,6,0,30,18,0
48,6,0,30,18,0
382,0,6,26,22,0.111111
48,6,0,30,18,0
48,6,0,30,18,0
48,6,0,30,18,0
48,6,0,30,18,0
48,6,0,30,18,0
48,6,0,30,18,0
48,6,0,30,18,0
384,0,6,28,20,0.111111
48,6,0,30,18,0
48,6,0,30,18,0
48,6,0,30,18,0
48,6,0,30,18,0
48,6,0,30,18,0
48,6,0,30,18,0
48,6,0,30,18,0
361,0,6,27,21,0.111111
48,6,0,30,18,0
48,6,0,30,18,0
48,6,0,30,18,0
48,6,0,30,18,0
48,6,0,30,18,0
48,6,0,30,18,0
48,6,0,30,18,0
393,0,6,27,21,0.111111
48,6,0,30,18,0
48,6,0,30,18,0
48,6,0,30,18,0
48,6,0,30,18,0
48,6,0,30,18,0
48,6,0,30,18,0
48,6,0,30,18,0
336,0,6,28,20,0.111111
48,6,0,30,18,0
48,6,0,30,18,0
48,6,0,30,18,0
48,6,0,30,18,0
48,6,0,30,18,0
48,6,0,30,18,0
48,6,0,30,18,0
392,0,6,25,23,0.111111
48,6,0,30,18,0
48,6,0,30,18,0
48,6,0,30,18,0
48,6,0,30,18,0
48,6,0,30,18,0
48,6,0,30,18,0
48,6,0,30,18,0
380,0,6,25,23,0.111111
48,6,0,30,18,0
48,6,0,30,18,0
48,6,0,30,18,0
48,6,0,30,18,0
48,6,0,30,18,0
48,6,0,30,18,0
48,6,0,30,18,0
334,0,6,28,20,0.111111
48,6,0,30,18,0
48,6,0,30,18,0
48,6,0,30,18,0
48,6,0,30,18,0
48,6,0,30,18,0
48,6,0,30,18,0
48,6,0,30,18,0
340,0,6,25,23,0.111111
48,6,0,30,18,0
48,6,0,30,18,0
48,6,0,30,18,0
48,6,0,30,18,0
48,6,0,30,18,0
48,6,0,30,18,0
48,6,0,30,18,0
362,0,6,27,21,0.111111
48,6,0,30,18,0
48,6,0,30,18,0
48,6,0,30,18,0
48,6,0,30,18,0
48,6,0,30,18,0
48,6,0,30,18,0
48,6,0,30,18,0
418,0,6,26,22,0.111111
48,6,0,30,18,0
48,6,0,30,18,0
48,6,0,30,18,0
48,6,0,30,18,0
48,6,0,30,18,0
48,6,0,30,18,0
48,6,0,30,18,0
338,0,6,27,21,0.111111
48,6,0,30,18,0
48,6,0,30,18,0
48,6,0,30,18,0
48,6,0,30,18,0
48,6,0,30,18,0
48,6,0,30,18,0
48,6,0,30,18,0
344,0,6,27,21,0.111111
48,6,0,30,18,0
48,6,0,30,18,0
48,6,0,30,18,0
48,6,0,30,18,0
48,6,0,30,18,0
48,6,0,30,18,0
48,6,0,30,18,0
375,0,6,25,23,0.111111
48,6,0,30,18,0
48,6,0,30,18,0
48,6,0,30,18,0
48,6,0,30,18,0
48,6,0,30,18,0
48,6,0,30,18,0
48,6,0,30,18,0
346,0,6,28,20,0.111111
48,6,0,30,18,0
48,6,0,30,18,0
48,6,0,30,18,0
48,6,0,30,18,0
48,6,0,30,18,0
48,6,0,30,18,0
48,6,0,30,18,0
346,0,6,27,21,0.111111
48,6,0,30,18,0
48,6,0,30,18,0
48,6,0,30,18,0
48,6,0,30,18,0
48,6,0,30,18,0
48,6,0,30,18,0
48,6,0,30,18,0
370,0,6,27,21,0.111111
48,6,0,30,18,0
48,6,0,30,18,0
48,6,0,30,18,0
48,6,0,30,18,0
48,6,0,30,18,0
48,6,0,30,18,0
48,6,0,30,18,0
338,0,6,27,21,0.111111
48,6,0,30,18,0
48,6,0,30,18,0
48,6,0,30,18,0
48,6,0,30,18,0
48,6,0,30,18,0
48,6,0,30,18,0
48,6,0,30,18,0
343,0,6,27,21,0.111111
48,6,0,30,18,0
48,6,0,30,18,0
48,6,0,30,18,0
48,6,0,30,18,0
48,6,0,30,18,0
48,6,0,30,18,0
48,6,0,30,18,0
359,0,6,25,23,0.111111
48,6,0,30,18,0
48,6,0,30,18,0
48,6,0,30,18,0
48,6,0,30,18,0
48,6,0,30,18,0
48,6,0,30,18,0
48,6,0,30,18,0
334,0,6,24,24,0.111111
48,6,0,30,18,0
48,6,0,30,18,0
48,6,0,30,18,0
48,6,0,30,18,0
48,6,0,30,18,0
48,6,0,30,18,0
48,6,0,30,18,0
343,0,6,26,22,0.111111
48,6,0,30,18,0
48,6,0,30,18,0
48,6,0,30,18,0
48,6,0,30,18,0
48,6,0,30,18,0
48,6,0,30,18,0
48,6,0,30,18,0
353,0,6,27,21,0.111111
48,6,0,30,18,0
48,6,0,30,18,0
48,6,0,30,18,0
48,6,0,30,18,0
48,6,0,30,18,0
48,6,0,30,18,0
48,6,0,30,18,0
360,0,6,26,22,0.111111
48,6,0,30,18,0
48,6,0,30,18,0
48,6,0,30,18,0
48,6,0,30,18,0
48,6,0,30,18,0
48,6,0,30,18,0
48,6,0,30,18,0
343,0,6,26,22,0.111111
48,6,0,30,18,0
48,6,0,30,18,0
48,6,0,30,18,0
48,6,0,30,18,0
48,6,0,30,18,0
48,6,0,30,18,0
48,6,0,30,18,0
338,0,6,25,23,0.111111
48,6,0,30,18,0
48,6,0,30,18,0
48,6,0,30,18,0
48,6,0,30,18,0
48,6,0,30,18,0
48,6,0,30,18,0
48,6,0,30,18,0
333,0,6,26,22,0.111111
48,6,0,30,18,0
48,6,0,30,18,0
48,6,0,30,18,0
48,6,0,30,18,0
48,6,0,30,18,0
48,6,0,30,18,0
48,6,0,30,18,0
331,0,6,28,20,0.111111
48,6,0,30,18,0
48,6,0,30,18,0
48,6,0,30,18,0
48,6,0,30,18,0
48,6,0,30,18,0
48,6,0,30,18,0
48,6,0,30,18,0
333,0,6,26,22,0.111111
48,6,0,30,18,0
48,6,0,30,18,0
48,6,0,30,18,0
48,6,0,30,18,0
48,6,0,30,18,0
48,6,0,30,18,0
48,6,0,30,18,0
327,0,6,27,21,0.111111
48,6,0,30,18,0
48,6,0,30,18,0
48,6,0,30,18,0
48,6,0,30,18,0
48,6,0,30,18,0
48,6,0,30,18,0
48,6,0,30,18,0
300,0,6,26,22,0.111111
48,6,0,30,18,0
48,6,0,30,18,0
48,6,0,30,18,0
48,6,0,30,18,0
48,6,0,30,18,0
48,6,0,30,18,0
48,6,0,30,18,0
324,0,6,26,22,0.111111
48,6,0,30,18,0
48,6,0,30,18,0
48,6,0,30,18,0
48,6,0,30,18,0
48,6,0,30,18,0
48,6,0,30,18,0
48,6,0,30,18,0
314,0,6,28,20,0.111111
48,6,0,30,18,0
48,6,0,30,18,0
48,6,0,30,18,0
48,6,0,30,18,0
48,6,0,30,18,0
48,6,0,30,18,0
48,6,0,30,18,0
302,0,6,25,23,0.111111
48,6,0,30,18,0
48,6,0,30,18,0
48,6,0,30,18,0
48,6,0,30,18,0
48,6,0,30,18,0
48,6,0,30,18,0
48,6,0,30,18,0
317,0,6,26,22,0.111111
48,6,0,30,18,0
48,6,0,30,18,0
48,6,0,30,18,0
48,6,0,30,18,0
48,6,0,30,18,0
48,6,0,30,18,0
48,6,0,30,18,0
311,0,6,28,20,0.111111
48,6,0,30,18,0
48,6,0,30,18,0
48,6,0,30,18,0
48,6,0,30,18,0
48,6,0,30,18,0
48,6,0,30,18,0
48,6,0,30,18,0
295,0,6,28,20,0.111111
48,6,0,30,18,0
48,6,0,30,18,0
48,6,0,30,18,0
48,6,0,30,18,0
48,6,0,30,18,0
48,6,0,30,18,0
48,6,0,30,18,0
304,0,6,27,21,0.111111
48,6,0,30,18,0
48,6,0,30,18,0
48,6,0,30,18,0
48,6,0,30,18,0
48,6,0,30,18,0
48,6,0,30,18,0
48,6,0,30,18,0
311,0,6,27,21,0.111111
48,6,0,30,18,0
48,6,0,30,18,0
48,6,0,30,18,0
48,6,0,30,18,0
48,6,0,30,18,0
48,6,0,30,18,0
48,6,0,30,18,0
286,0,6,26,22,0.111111
48,6,0,30,18,0
48,6,0,30,18,0
48,6,0,30,18,0
48,6,0,30,18,0
48,6,0,30,18,0
48,6,0,30,18,0
48,6,0,30,18,0
295,0,6,26,22,0.111111
48,6,0,30,18,0
48,6,0,30,18,0
48,6,0,30,18,0
48,6,0,30,18,0
48,6,0,30,18,0
48,6,0,30,18,0
48,6,0,30,18,0
284,0,6,26,22,0.111111
48,6,0,30,18,0
48,6,0,30,18,0
48,6,0,30,18,0
48,6,0,30,18,0
48,6,0,30,18,0
48,6,0,30,18,0
48,6,0,30,18,0
306,0,6,26,22,0.111111
48,6,0,30,18,0
48,6,0,30,18,0
48,6,0,30,18,0
48,6,0,30,18,0
48,6,0,30,18,0
48,6,0,30,18,0
48,6,0,30,18,0
301,0,6,28,20,0.111111
48,6,0,30,18,0
48,6,0,30,18,0
48,6,0,30,18,0
48,6,0,30,18,0
48,6,0,30,18,0
48,6,0,30,18,0
48,6,0,30,18,0
276,0,6,26,22,0.111111
48,6,0,30,18,0
48,6,0,30,18,0
48,6,0,30,18,0
48,6,0,30,18,0
48,6,0,30,18,0
48,6,0,30,18,0
48,6,0,30,18,0
301,0,6,28,20,0.111111
48,6,0,30,18,0
48,6,0,30,18,0
48,6,0,30,18,0
48,6,0,30,18,0
48,6,0,30,18,0
48,6,0,30,18,0
48,6,0,30,18,0
286,0,6,28,20,0.111111
48,6,0,30,18,0
48,6,0,30,18,0
48,6,0,30,18,0
48,6,0,30,18,0
48,6,0,30,18,0
48,6,0,30,18,0
48,6,0,30,18,0
269,0,6,27,21,0.111111
48,6,0,30,18,0
48,6,0,30,18,0
48,6,0,30,18,0
48,6,0,30,18,0
48,6,0,30,18,0
48,6,0,30,18,0
48,6,0,30,18,0
275,0,6,26,22,0.111111
48,6,0,30,18,0
48,6,0,30,18,0
48,6,0,30,18,0
48,6,0,30,18,0
48,6,0,30,18,0
48,6,0,30,18,0
48,6,0,30,18,0
292,0,6,28,20,0.111111
48,6,0,30,18,0
48,6,0,30,18,0
48,6,0,30,18,0
48,6,0,30,18,0
48,6,0,30,18,0
48,6,0,30,18,0
48,6,0,30,18,0
282,0,6,27,21,0.111111
48,6,0,30,18,0
48,6,0,30,18,0
48,6,0,30,18,0
48,6,0,30,18,0
48,6,0,30,18,0
48,6,0,30,18,0
48,6,0,30,18,0
269,0,6,28,20,0.111111
48,6,0,30,18,0
48,6,0,30,18,0
48,6,0,30,18,0
48,6,0,30,18,0
48,6,0,30,18,0
48,6,0,30,18,0
48,6,0,30,18,0
266,0,6,28,20,0.111111
48,6,0,30,18,0
48,6,0,30,18,0
48,6,0,30,18,0
48,6,0,30,18,0
48,6,0,30,18,0
48,6,0,30,18,0
48,6,0,30,18,0
273,0,6,25,23,0.111111
48,6,0,30,18,0
48,6,0,30,18,0
48,6,0,30,18,0
48,6,0,30,18,0
48,6,0,30,18,0
48,6,0,30,18,0
48,6,0,30,18,0
260,0,6,26,22,0.111111
48,6,0,30,18,0
48,6,0,30,18,0
48,6,0,30,18,0
48,6,0,30,18,0
48,6,0,30,18,0
48,6,0,30,18,0
48,6,0,30,18,0
272,0,6,26,22,0.111111
48,6,0,30,18,0
48,6,0,30,18,0
48,6,0,30,18,0
48,6,0,30,18,0
48,6,0,30,18,0
48,6,0,30,18,0
48,6,0,30,18,0
260,0,6,28,20,0.111111
48,6,0,30,18,0
48,6,0,30,18,0
48,6,0,30,18,0
48,6,0,30,18,0
48,6,0,30,18,0
48,6,0,30,18,0
48,6,0,30,18,0
255,0,6,26,22,0.111111
48,6,0,30,18,0
48,6,0,30,18,0
48,6,0,30,18,0
48,6,0,30,18,0
48,6,0,30,18,0
48,6,0,30,18,0
48,6,0,30,18,0
270,0,6,25,23,0.111111
48,6,0,30,18,0
48,6,0,30,18,0
48,6,0,30,18,0
48,6,0,30,18,0
48,6,0,30,18,0
48,6,0,30,18,0
48,6,0,30,18,0
220,0,6,25,23,0.111111
48,6,0,30,18,0
48,6,0,30,18,0
48,6,0,30,18,0
48,6,0,30,18,0
48,6,0,30,18,0
48,6,0,30,18,0
48,6,0,30,18,0
248,0,6,26,22,0.111111
48,6,0,30,18,0
48,6,0,30,18,0
48,6,0,30,18,0
48,6,0,30,18,0
48,6,0,30,18,0
48,6,0,30,18,0
48,6,0,30,18,0
244,0,6,26,22,0.111111
48,6,0,30,18,0
48,6,0,30,18,0
48,6,0,30,18,0
48,6,0,30,18,0
48,6,0,30,18,0
48,6,0,30,18,0
48,6,0,30,18,0
252,0,6,29,19,0.111111
48,6,0,30,18,0
48,6,0,30,18,0
48,6,0,30,18,0
48,6,0,30,18,0
48,6,0,30,18,0
48,6,0,30,18,0
48,6,0,30,18,0
228,0,6,28,20,0.111111
48,6,0,30,18,0
48,6,0,30,18,0
48,6,0,30,18,0
48,6,0,30,18,0
48,6,0,30,18,0
48,6,0,30,18,0
48,6,0,30,18,0
241,0,6,25,23,0.111111
48,6,0,30,18,0
48,6,0,30,18,0
48,6,0,30,18,0
48,6,0,30,18,0
48,6,0,30,18,0
48,6,0,30,18,0
48,6,0,30,18,0
241,0,6,25,23,0.111111
48,6,0,30,18,0
48,6,0,30,18,0
48,6,0,30,18,0
48,6,0,30,18,0
48,6,0,30,18,0
48,6,0,30,18,0
48,6,0,30,18,0
248,0,6,26,22,0.111111
48,6,0,30,18,0
48,6,0,30,18,0
48,6,0,30,18,0
48,6,0,30,18,0
48,6,0,30,18,0
48,6,0,30,18,0
48,6,0,30,18,0
205,0,6,28,20,0.111111
48,6,0,30,18,0
48,6,0,30,18,0
48,6,0,30,18,0
48,6,0,30,18,0
48,6,0,30,18,0
48,6,0,30,18,0
48,6,0,30,18,0
227,0,6,27,21,0.111111
48,6,0,30,18,0
48,6,0,30,18,0
48,6,0,30,18,0
48,6,0,30,18,0
48,6,0,30,18,0
48,6,0,30,18,0
48,6,0,30,18,0
226,0,6,25,23,0.111111
48,6,0,30,18,0
48,6,0,30,18,0
48,6,0,30,18,0
48,6,0,30,18,0
48,6,0,30,18,0
48,6,0,30,18,0
48,6,0,30,18,0
207,0,6,27,21,0.111111
48,6,0,30,18,0
48,6,0,30,18,0
48,6,0,30,18,0
48,6,0,30,18,0
48,6,0,30,18,0
47,7,0,30,17,0
45,9,0,30,15,0
227,0,6,25,23,0.111111
48,6,0,30,18,0
45,9,0,30,15,0
45,9,0,30,15,0
45,9,0,30,15,0
45,9,0,30,15,0
45,9,0,30,15,0
45,9,0,30,15,0
222,0,6,26,22,0.111111
47,7,0,30,17,0
45,9,0,30,15,0
45,9,0,30,15,0
45,9,0,30,15,0
45,9,0,30,15,0
43,11,0,30,13,0
42,12,0,30,12,0
198,2,6,27,19,0.111111
45,9,0,30,15,0
44,10,0,30,14,0
42,12,0,30,12,0
42,12,0,30,12,0
42,12,0,30,12,0
42,12,0,30,12,0
42,12,0,30,12,0
208,3,6,29,16,0.111111
45,9,0,30,15,0
42,12,0,30,12,0
42,12,0,30,12,0
42,12,0,30,12,0
42,12,0,30,12,0
42,12,0,30,12,0
40,14,0,30,10,0
208,3,6,27,18,0.111111
41,13,0,30,11,0
38,16,0,30,8,0
36,18,0,30,6,0
36,18,0,30,6,0
36,18,0,30,6,0
35,19,0,30,5,0
33,21,0,30,3,0
201,4,6,27,17,0.111111
37,17,0,30,7,0
34,20,0,30,4,0
33,21,0,30,3,0
33,21,0,30,3,0
33,21,0,30,3,0
30,24,0,30,0,0
30,24,0,30,0,0
187,11,6,26,11,0.111111
33,21,0,30,3,0
30,24,0,30,0,0
30,24,0,30,0,0
30,24,0,30,0,0
30,24,0,30,0,0
30,24,0,30,0,0
30,24,0,30,0,0
176,15,6,27,6,0.111111
30,24,0,30,0,0
28,26,0,28,0,0
27,27,0,27,0,0
25,29,0,25,0,0
24,30,0,24,0,0
24,30,0,24,0,0
24,30,0,24,0,0
178,24,6,24,0,0.111111
24,30,0,24,0,0
24,30,0,24,0,0
24,30,0,24,0,0
24,30,0,24,0,0
24,30,0,24,0,0
24,30,0,24,0,0
24,30,0,24,0,0
182,24,6,24,0,0.111111
22,32,0,22,0,0
20,34,0,20,0,0
18,36,0,18,0,0
18,36,0,18,0,0
18,36,0,18,0,0
18,36,0,18,0,0
18,36,0,18,0,0
159,30,6,18,0,0.111111
18,36,0,18,0,0
18,36,0,18,0,0
16,38,0,16,0,0
15,39,0,15,0,0
15,39,0,15,0,0
15,39,0,15,0,0
15,39,0,15,0,0
162,33,6,15,0,0.111111
15,39,0,15,0,0
15,39,0,15,0,0
15,39,0,15,0,0
15,39,0,15,0,0
15,39,0,15,0,0
13,41,0,13,0,0
12,42,0,12,0,0
142,37,6,11,0,0.111111
9,45,0,9,0,0
9,45,0,9,0,0
9,45,0,9,0,0
9,45,0,9,0,0
9,45,0,9,0,0
9,45,0,9,0,0
9,45,0,9,0,0
142,39,6,9,0,0.111111
9,45,0,9,0,0
9,45,0,9,0,0
9,45,0,9,0,0
9,45,0,9,0,0
9,45,0,9,0,0
9,45,0,9,0,0
9,45,0,9,0,0
137,39,6,9,0,0.111111
9,45,0,9,0,0
9,45,0,9,0,0
9,45,0,9,0,0
9,45,0,9,0,0
9,45,0,9,0,0
9,45,0,9,0,0
9,45,0,9,0,0
145,39,6,9,0,0.111111
9,45,0,9,0,0
9,45,0,9,0,0
9,45,0,9,0,0
9,45,0,9,0,0
9,45,0,9,0,0
9,45,0,9,0,0
9,45,0,9,0,0
165,39,6,9,0,0.111111
9,45,0,9,0,0
9,45,0,9,0,0
9,45,0,9,0,0
9,45,0,9,0,0
9,45,0,9,0,0
9,45,0,9,0,0
9,45,0,9,0,0
161,39,6,9,0,0.111111
9,45,0,9,0,0
9,45,0,9,0,0
9,45,0,9,0,0
9,45,0,9,0,0
9,45,0,9,0,0
9,45,0,9,0,0
9,45,0,9,0,0
163,39,6,9,0,0.111111
9,45,0,9,0,0
9,45,0,9,0,0
9,45,0,9,0,0
9,45,0,9,0,0
9,45,0,9,0,0
9,45,0,9,0,0
9,45,0,9,0,0
166,39,6,9,0,0.111111
9,45,0,9,0,0
9,45,0,9,0,0
9,45,0,9,0,0
9,45,0,9,0,0
9,45,0,9,0,0
9,45,0,9,0,0
9,45,0,9,0,0
143,39,6,9,0,0.111111
9,45,0,9,0,0
9,45,0,9,0,0
9,45,0,9,0,0
9,45,0,9,0,0
9,45,0,9,0,0
9,45,0,9,0,0
9,45,0,9,0,0
171,39,6,9,0,0.111111
9,45,0,9,0,0
9,45,0,9,0,0
9,45,0,9,0,0
9,45,0,9,0,0
9,45,0,9,0,0
9,45,0,9,0,0
9,45,0,9,0,0
142,39,6,9,0,0.111111
9,45,0,9,0,0
9,45,0,9,0,0
9,45,0,9,0,0
9,45,0,9,0,0
9,45,0,9,0,0
9,45,0,9,0,0
9,45,0,9,0,0
145,39,6,9,0,0.111111
9,45,0,9,0,0
9,45,0,9,0,0
9,45,0,9,0,0
9,45,0,9,0,0
9,45,0,9,0,0
9,45,0,9,0,0
9,45,0,9,0,0
131,39,6,9,0,0.111111
9,45,0,9,0,0
9,45,0,9,0,0
9,45,0,9,0,0
9,45,0,9,0,0
9,45,0,9,0,0
9,45,0,9,0,0
9,45,0,9,0,0
135,39,6,9,0,0.111111
9,45,0,9,0,0
9,45,0,9,0,0
9,45,0,9,0,0
9,45,0,9,0,0
9,45,0,9,0,0
9,45,0,9,0,0
9,45,0,9,0,0
154,39,6,9,0,0.111111
9,45,0,9,0,0
9,45,0,9,0,0
9,45,0,9,0,0
9,45,0,9,0,0
9,45,0,9,0,0
9,45,0,9,0,0
9,45,0,9,0,0
146,39,6,9,0,0.111111
9,45,0,9,0,0
9,45,0,9,0,0
9,45,0,9,0,0
9,45,0,9,0,0
9,45,0,9,0,0
9,45,0,9,0,0
9,45,0,9,0,0
144,39,6,9,0,0.111111
9,45,0,9,0,0
9,45,0,9,0,0
9,45,0,9,0,0
9,45,0,9,0,0
9,45,0,9,0,0
9,45,0,9,0,0
9,45,0,9,0,0
174,39,6,9,0,0.111111
9,45,0,9,0,0
9,45,0,9,0,0
9,45,0,9,0,0
9,45,0,9,0,0
9,45,0,9,0,0
9,45,0,9,0,0
9,45,0,9,0,0
148,39,6,9,0,0.111111
9,45,0,9,0,0
9,45,0,9,0,0
9,45,0,9,0,0
9,45,0,9,0,0
9,45,0,9,0,0
9,45,0,9,0,0
9,45,0,9,0,0
176,39,6,9,0,0.111111
9,45,0,9,0,0
9,45,0,9,0,0
9,45,0,9,0,0
9,45,0,9,0,0
9,45,0,9,0,0
9,45,0,9,0,0
9,45,0,9,0,0
155,39,6,9,0,0.111111
9,45,0,9,0,0
9,45,0,9,0,0
9,45,0,9,0,0
9,45,0,9,0,0
9,45,0,9,0,0
9,45,0,9,0,0
9,45,0,9,0,0
161,39,6,9,0,0.111111
9,45,0,9,0,0
9,45,0,9,0,0
9,45,0,9,0,0
9,45,0,9,0,0
9,45,0,9,0,0
9,45,0,9,0,0
9,45,0,9,0,0
142,39,6,9,0,0.111111
9,45,0,9,0,0
9,45,0,9,0,0
9,45,0,9,0,0
9,45,0,9,0,0
9,45,0,9,0,0
9,45,0,9,0,0
9,45,0,9,0,0
156,39,6,9,0,0.111111
9,45,0,9,0,0
9,45,0,9,0,0
9,45,0,9,0,0
9,45,0,9,0,0
9,45,0,9,0,0
9,45,0,9,0,0
9,45,0,9,0,0
148,39,6,9,0,0.111111
9,45,0,9,0,0
9,45,0,9,0,0
9,45,0,9,0,0
9,45,0,9,0,0
9,45,0,9,0,0
9,45,0,9,0,0
9,45,0,9,0,0
148,39,6,9,0,0.111111
9,45,0,9,0,0
9,45,0,9,0,0
9,45,0,9,0,0
9,45,0,9,0,0
9,45,0,9,0,0
9,45,0,9,0,0
9,45,0,9,0,0
134,39,6,9,0,0.111111
9,45,0,9,0,0
9,45,0,9,0,0
9,45,0,9,0,0
9,45,0,9,0,0
9,45,0,9,0,0
9,45,0,9,0,0
9,45,0,9,0,0
132,39,6,9,0,0.111111
9,45,0,9,0,0
9,45,0,9,0,0
9,45,0,9,0,0
9,45,0,9,0,0
9,45,0,9,0,0
9,45,0,9,0,0
9,45,0,9,0,0
145,39,6,9,0,0.111111
9,45,0,9,0,0
9,45,0,9,0,0
9,45,0,9,0,0
9,45,0,9,0,0
9,45,0,9,0,0
9,45,0,9,0,0
9,45,0,9,0,0
125,39,6,9,0,0.111111
9,45,0,9,0,0
9,45,0,9,0,0
9,45,0,9,0,0
9,45,0,9,0,0
9,45,0,9,0,0
9,45,0,9,0,0
9,45,0,9,0,0
142,39,6,9,0,0.111111
9,45,0,9,0,0
9,45,0,9,0,0
9,45,0,9,0,0
9,45,0,9,0,0
9,45,0,9,0,0
9,45,0,9,0,0
9,45,0,9,0,0
151,39,6,9,0,0.111111
9,45,0,9,0,0
9,45,0,9,0,0
9,45,0,9,0,0
9,45,0,9,0,0
9,45,0,9,0,0
9,45,0,9,0,0
9,45,0,9,0,0
131,39,6,9,0,0.111111
9,45,0,9,0,0
9,45,0,9,0,0
9,45,0,9,0,0
9,45,0,9,0,0
9,45,0,9,0,0
9,45,0,9,0,0
9,45,0,9,0,0
132,39,6,9,0,0.111111
9,45,0,9,0,0
9,45,0,9,0,0
9,45,0,9,0,0
9,45,0,9,0,0
9,45,0,9,0,0
9,45,0,9,0,0
9,45,0,9,0,0
135,39,6,9,0,0.111111
9,45,0,9,0,0
9,45,0,9,0,0
9,45,0,9,0,0
9,45,0,9,0,0
9,45,0,9,0,0
9,45,0,9,0,0
9,45,0,9,0,0
140,39,6,9,0,0.111111
9,45,0,9,0,0
9,45,0,9,0,0
9,45,0,9,0,0
9,45,0,9,0,0
9,45,0,9,0,0
9,45,0,9,0,0
9,45,0,9,0,0
138,39,6,9,0,0.111111
9,45,0,9,0,0
9,45,0,9,0,0
9,45,0,9,0,0
9,45,0,9,0,0
9,45,0,9,0,0
9,45,0,9,0,0
9,45,0,9,0,0
114,39,6,9,0,0.111111
9,45,0,9,0,0
9,45,0,9,0,0
9,45,0,9,0,0
9,45,0,9,0,0
9,45,0,9,0,0
9,45,0,9,0,0
9,45,0,9,0,0
140,39,6,9,0,0.111111
9,45,0,9,0,0
9,45,0,9,0,0
9,45,0,9,0,0
9,45,0,9,0,0
9,45,0,9,0,0
9,45,0,9,0,0
9,45,0,9,0,0
131,39,6,9,0,0.111111
9,45,0,9,0,0
9,45,0,9,0,0
9,45,0,9,0,0
9,45,0,9,0,0
9,45,0,9,0,0
9,45,0,9,0,0
9,45,0,9,0,0
146,39,6,9,0,0.111111
9,45,0,9,0,0
9,45,0,9,0,0
9,45,0,9,0,0
9,45,0,9,0,0
9,45,0,9,0,0
9,45,0,9,0,0
9,45,0,9,0,0
127,39,6,9,0,0.111111
9,45,0,9,0,0
9,45,0,9,0,0
9,45,0,9,0,0
9,45,0,9,0,0
9,45,0,9,0,0
9,45,0,9,0,0
9,45,0,9,0,0
117,39,6,9,0,0.111111
9,45,0,9,0,0
9,45,0,9,0,0
9,45,0,9,0,0
9,45,0,9,0,0
9,45,0,9,0,0
9,45,0,9,0,0
9,45,0,9,0,0
129,39,6,9,0,0.111111
9,45,0,9,0,0
9,45,0,9,0,0
9,45,0,9,0,0
9,45,0,9,0,0
9,45,0,9,0,0
9,45,0,9,0,0
9,45,0,9,0,0
130,39,6,9,0,0.111111
9,45,0,9,0,0
9,45,0,9,0,0
9,45,0,9,0,0
9,45,0,9,0,0
9,45,0,9,0,0
9,45,0,9,0,0
9,45,0,9,0,0
135,39,6,9,0,0.111111
9,45,0,9,0,0
9,45,0,9,0,0
9,45,0,9,0,0
9,45,0,9,0,0
9,45,0,9,0,0
9,45,0,9,0,0
9,45,0,9,0,0
140,39,6,9,0,0.111111
9,45,0,9,0,0
9,45,0,9,0,0
9,45,0,9,0,0
9,45,0,9,0,0
9,45,0,9,0,0
9,45,0,9,0,0
9,45,0,9,0,0
127,39,6,9,0,0.111111
9,45,0,9,0,0
9,45,0,9,0,0
9,45,0,9,0,0
9,45,0,9,0,0
9,45,0,9,0,0
9,45,0,9,0,0
9,45,0,9,0,0
119,39,6,9,0,0.111111
9,45,0,9,0,0
9,45,0,9,0,0
9,45,0,9,0,0
9,45,0,9,0,0
9,45,0,9,0,0
9,45,0,9,0,0
9,45,0,9,0,0
117,39,6,9,0,0.111111
9,45,0,9,0,0
9,45,0,9,0,0
9,45,0,9,0,0
9,45,0,9,0,0
9,45,0,9,0,0
9,45,0,9,0,0
9,45,0,9,0,0
130,39,6,9,0,0.111111
9,45,0,9,0,0
9,45,0,9,0,0
9,45,0,9,0,0
9,45,0,9,0,0
9,45,0,9,0,0
9,45,0,9,0,0
9,45,0,9,0,0
149,39,6,9,0,0.111111
9,45,0,9,0,0
9,45,0,9,0,0
9,45,0,9,0,0
9,45,0,9,0,0
9,45,0,9,0,0
9,45,0,9,0,0
9,45,0,9,0,0
116,39,6,9,0,0.111111
9,45,0,9,0,0
9,45,0,9,0,0
9,45,0,9,0,0
9,45,0,9,0,0
9,45,0,9,0,0
9,45,0,9,0,0
9,45,0,9,0,0
126,39,6,9,0,0.111111
9,45,0,9,0,0
9,45,0,9,0,0
9,45,0,9,0,0
9,45,0,9,0,0
9,45,0,9,0,0
9,45,0,9,0,0
9,45,0,9,0,0
131,39,6,9,0,0.111111
9,45,0,9,0,0
9,45,0,9,0,0
9,45,0,9,0,0
9,45,0,9,0,0
9,45,0,9,0,0
9,45,0,9,0,0
9,45,0,9,0,0
117,39,6,9,0,0.111111
9,45,0,9,0,0
9,45,0,9,0,0
9,45,0,9,0,0
9,45,0,9,0,0
9,45,0,9,0,0
9,45,0,9,0,0
9,45,0,9,0,0
122,39,6,9,0,0.111111
9,45,0,9,0,0
9,45,0,9,0,0
9,45,0,9,0,0
9,45,0,9,0,0
9,45,0,9,0,0
9,45,0,9,0,0
9,45,0,9,0,0
126,39,6,9,0,0.111111
9,45,0,9,0,0
9,45,0,9,0,0
9,45,0,9,0,0
9,45,0,9,0,0
9,45,0,9,0,0
9,45,0,9,0,0
9,45,0,9,0,0
144,39,6,9,0,0.111111
9,45,0,9,0,0
9,45,0,9,0,0
9,45,0,9,0,0
9,45,0,9,0,0
9,45,0,9,0,0
9,45,0,9,0,0
9,45,0,9,0,0
135,39,6,9,0,0.111111
9,45,0,9,0,0
9,45,0,9,0,0
9,45,0,9,0,0
9,45,0,9,0,0
9,45,0,9,0,0
9,45,0,9,0,0
9,45,0,9,0,0
123,39,6,9,0,0.111111
9,45,0,9,0,0
9,45,0,9,0,0
9,45,0,9,0,0
9,45,0,9,0,0
9,45,0,9,0,0
9,45,0,9,0,0
9,45,0,9,0,0
137,39,6,9,0,0.111111
9,45,0,9,0,0
9,45,0,9,0,0
9,45,0,9,0,0
9,45,0,9,0,0
9,45,0,9,0,0
9,45,0,9,0,0
9,45,0,9,0,0
115,39,6,9,0,0.111111
9,45,0,9,0,0
9,45,0,9,0,0
9,45,0,9,0,0
9,45,0,9,0,0
9,45,0,9,0,0
9,45,0,9,0,0
9,45,0,9,0,0
90,39,6,9,0,0.111111
9,45,0,9,0,0
9,45,0,9,0,0
9,45,0,9,0,0
9,45,0,9,0,0
9,45,0,9,0,0
9,45,0,9,0,0
9,45,0,9,0,0
120,39,6,9,0,0.111111
9,45,0,9,0,0
9,45,0,9,0,0
9,45,0,9,0,0
9,45,0,9,0,0
9,45,0,9,0,0
9,45,0,9,0,0
9,45,0,9,0,0
108,39,6,9,0,0.111111
9,45,0,9,0,0
9,45,0,9,0,0
9,45,0,9,0,0
9,45,0,9,0,0
9,45,0,9,0,0
9,45,0,9,0,0
9,45,0,9,0,0
112,39,6,9,0,0.111111
9,45,0,9,0,0
9,45,0,9,0,0
9,45,0,9,0,0
9,45,0,9,0,0
9,45,0,9,0,0
9,45,0,9,0,0
9,45,0,9,0,0
111,39,6,9,0,0.111111
9,45,0,9,0,0
9,45,0,9,0,0
9,45,0,9,0,0
9,45,0,9,0,0
9,45,0,9,0,0
9,45,0,9,0,0
9,45,0,9,0,0
93,39,6,9,0,0.111111
9,45,0,9,0,0
9,45,0,9,0,0
9,45,0,9,0,0
9,45,0,9,0,0
9,45,0,9,0,0
9,45,0,9,0,0
9,45,0,9,0,0
96,39,6,9,0,0.111111
9,45,0,9,0,0
9,45,0,9,0,0
9,45,0,9,0,0
9,45,0,9,0,0
9,45,0,9,0,0
9,45,0,9,0,0
9,45,0,9,0,0
105,39,6,9,0,0.111111
9,45,0,9,0,0
9,45,0,9,0,0
9,45,0,9,0,0
9,45,0,9,0,0
9,45,0,9,0,0
9,45,0,9,0,0
9,45,0,9,0,0
106,39,6,9,0,0.111111
9,45,0,9,0,0
9,45,0,9,0,0
9,45,0,9,0,0
9,45,0,9,0,0
9,45,0,9,0,0
9,45,0,9,0,0
9,45,0,9,0,0
93,39,6,9,0,0.111111
9,45,0,9,0,0
9,45,0,9,0,0
9,45,0,9,0,0
9,45,0,9,0,0
9,45,0,9,0,0
9,45,0,9,0,0
9,45,0,9,0,0
99,39,6,9,0,0.111111
9,45,0,9,0,0
9,45,0,9,0,0
9,45,0,9,0,0
9,45,0,9,0,0
9,45,0,9,0,0
9,45,0,9,0,0
9,45,0,9,0,0
120,39,6,9,0,0.111111
9,45,0,9,0,0
9,45,0,9,0,0
9,45,0,9,0,0
9,45,0,9,0,0
9,45,0,9,0,0
9,45,0,9,0,0
9,45,0,9,0,0
120,39,6,9,0,0.111111
9,45,0,9,0,0
9,45,0,9,0,0
9,45,0,9,0,0
9,45,0,9,0,0
9,45,0,9,0,0
9,45,0,9,0,0
9,45,0,9,0,0
110,39,6,9,0,0.111111
9,45,0,9,0,0
9,45,0,9,0,0
9,45,0,9,0,0
9,45,0,9,0,0
9,45,0,9,0,0
9,45,0,9,0,0
9,45,0,9,0,0
114,39,6,9,0,0.111111
9,45,0,9,0,0
9,45,0,9,0,0
9,45,0,9,0,0
9,45,0,9,0,0
9,45,0,9,0,0
9,45,0,9,0,0
9,45,0,9,0,0
114,39,6,9,0,0.111111
9,45,0,9,0,0
9,45,0,9,0,0
9,45,0,9,0,0
9,45,0,9,0,0
9,45,0,9,0,0
9,45,0,9,0,0
9,45,0,9,0,0
95,39,6,9,0,0.111111
9,45,0,9,0,0
9,45,0,9,0,0
9,45,0,9,0,0
9,45,0,9,0,0
9,45,0,9,0,0
9,45,0,9,0,0
9,45,0,9,0,0
100,39,6,9,0,0.111111
9,45,0,9,0,0
9,45,0,9,0,0
9,45,0,9,0,0
9,45,0,9,0,0
9,45,0,9,0,0
9,45,0,9,0,0
9,45,0,9,0,0
110,39,6,9,0,0.111111
9,45,0,9,0,0
9,45,0,9,0,0
9,45,0,9,0,0
9,45,0,9,0,0
9,45,0,9,0,0
9,45,0,9,0,0
9,45,0,9,0,0
95,39,6,9,0,0.111111
9,45,0,9,0,0
9,45,0,9,0,0
9,45,0,9,0,0
9,45,0,9,0,0
9,45,0,9,0,0
9,45,0,9,0,0
9,45,0,9,0,0
96,39,6,9,0,0.111111
9,45,0,9,0,0
9,45,0,9,0,0
9,45,0,9,0,0
9,45,0,9,0,0
9,45,0,9,0,0
9,45,0,9,0,0
9,45,0,9,0,0
119,39,6,9,0,0.111111
9,45,0,9,0,0
9,45,0,9,0,0
9,45,0,9,0,0
9,45,0,9,0,0
9,45,0,9,0,0
9,45,0,9,0,0
9,45,0,9,0,0
108,39,6,9,0,0.111111
9,45,0,9,0,0
9,45,0,9,0,0
9,45,0,9,0,0
9,45,0,9,0,0
9,45,0,9,0,0
9,45,0,9,0,0
9,45,0,9,0,0
101,39,6,9,0,0.111111
9,45,0,9,0,0
9,45,0,9,0,0
9,45,0,9,0,0
9,45,0,9,0,0
9,45,0,9,0,0
9,45,0,9,0,0
9,45,0,9,0,0
96,39,6,9,0,0.111111
9,45,0,9,0,0
9,45,0,9,0,0
9,45,0,9,0,0
9,45,0,9,0,0
9,45,0,9,0,0
9,45,0,9,0,0
9,45,0,9,0,0
111,39,6,9,0,0.111111
9,45,0,9,0,0
9,45,0,9,0,0
9,45,0,9,0,0
9,45,0,9,0,0
9,45,0,9,0,0
9,45,0,9,0,0
9,45,0,9,0,0
102,39,6,9,0,0.111111
9,45,0,9,0,0
9,45,0,9,0,0
9,45,0,9,0,0
9,45,0,9,0,0
9,45,0,9,0,0
9,45,0,9,0,0
9,45,0,9,0,0
93,39,6,9,0,0.111111
9,45,0,9,0,0
9,45,0,9,0,0
9,45,0,9,0,0
9,45,0,9,0,0
9,45,0,9,0,0
9,45,0,9,0,0
9,45,0,9,0,0
77,39,6,9,0,0.111111
9,45,0,9,0,0
9,45,0,9,0,0
9,45,0,9,0,0
9,45,0,9,0,0
9,45,0,9,0,0
9,45,0,9,0,0
9,45,0,9,0,0
83,39,6,9,0,0.111111
9,45,0,9,0,0
9,45,0,9,0,0
9,45,0,9,0,0
9,45,0,9,0,0
9,45,0,9,0,0
9,45,0,9,0,0
9,45,0,9,0,0
102,39,6,9,0,0.111111
9,45,0,9,0,0
9,45,0,9,0,0
9,45,0,9,0,0
9,45,0,9,0,0
9,45,0,9,0,0
9,45,0,9,0,0
9,45,0,9,0,0
98,39,6,9,0,0.111111
9,45,0,9,0,0
9,45,0,9,0,0
9,45,0,9,0,0
9,45,0,9,0,0
9,45,0,9,0,0
9,45,0,9,0,0
9,45,0,9,0,0
84,39,6,9,0,0.111111
9,45,0,9,0,0
9,45,0,9,0,0
9,45,0,9,0,0
9,45,0,9,0,0
9,45,0,9,0,0
9,45,0,9,0,0
9,45,0,9,0,0
87,39,6,9,0,0.111111
9,45,0,9,0,0
9,45,0,9,0,0
9,45,0,9,0,0
9,45,0,9,0,0
9,45,0,9,0,0
9,45,0,9,0,0
9,45,0,9,0,0
84,39,6,9,0,0.111111
9,45,0,9,0,0
9,45,0,9,0,0
9,45,0,9,0,0
9,45,0,9,0,0
9,45,0,9,0,0
9,45,0,9,0,0
9,45,0,9,0,0
79,39,6,9,0,0.111111
9,45,0,9,0,0
9,45,0,9,0,0
9,45,0,9,0,0
9,45,0,9,0,0
9,45,0,9,0,0
9,45,0,9,0,0
9,45,0,9,0,0
86,39,6,9,0,0.111111
9,45,0,9,0,0
9,45,0,9,0,0
9,45,0,9,0,0
9,45,0,9,0,0
9,45,0,9,0,0
9,45,0,9,0,0
9,45,0,9,0,0
76,39,6,9,0,0.111111
9,45,0,9,0,0
9,45,0,9,0,0
9,45,0,9,0,0
9,45,0,9,0,0
9,45,0,9,0,0
9,45,0,9,0,0
9,45,0,9,0,0
74,39,6,9,0,0.111111
9,45,0,9,0,0
9,45,0,9,0,0
9,45,0,9,0,0
9,45,0,9,0,0
9,45,0,9,0,0
9,45,0,9,0,0
9,45,0,9,0,0
94,39,6,9,0,0.111111
9,45,0,9,0,0
9,45,0,9,0,0
9,45,0,9,0,0
9,45,0,9,0,0
9,45,0,9,0,0
9,45,0,9,0,0
9,45,0,9,0,0
94,39,6,9,0,0.111111
9,45,0,9,0,0
9,45,0,9,0,0
9,45,0,9,0,0
9,45,0,9,0,0
9,45,0,9,0,0
9,45,0,9,0,0
9,45,0,9,0,0
87,39,6,9,0,0.111111
9,45,0,9,0,0
9,45,0,9,0,0
9,45,0,9,0,0
9,45,0,9,0,0
9,45,0,9,0,0
9,45,0,9,0,0
9,45,0,9,0,0
80,39,6,9,0,0.111111
9,45,0,9,0,0
9,45,0,9,0,0
9,45,0,9,0,0
9,45,0,9,0,0
9,45,0,9,0,0
9,45,0,9,0,0
9,45,0,9,0,0
96,39,6,9,0,0.111111
9,45,0,9,0,0
9,45,0,9,0,0
9,45,0,9,0,0
9,45,0,9,0,0
9,45,0,9,0,0
9,45,0,9,0,0
9,45,0,9,0,0
78,39,6,9,0,0.111111
9,45,0,9,0,0
9,45,0,9,0,0
9,45,0,9,0,0
9,45,0,9,0,0
9,45,0,9,0,0
9,45,0,9,0,0
9,45,0,9,0,0
105,39,6,9,0,0.111111
9,45,0,9,0,0
9,45,0,9,0,0
9,45,0,9,0,0
9,45,0,9,0,0
9,45,0,9,0,0
9,45,0,9,0,0
9,45,0,9,0,0
75,39,6,9,0,0.111111
9,45,0,9,0,0
9,45,0,9,0,0
9,45,0,9,0,0
9,45,0,9,0,0
9,45,0,9,0,0
9,45,0,9,0,0
9,45,0,9,0,0
101,39,6,9,0,0.111111
9,45,0,9,0,0
9,45,0,9,0,0
9,45,0,9,0,0
9,45,0,9,0,0
9,45,0,9,0,0
9,45,0,9,0,0
9,45,0,9,0,0
75,39,6,9,0,0.111111
9,45,0,9,0,0
9,45,0,9,0,0
9,45,0,9,0,0
9,45,0,9,0,0
9,45,0,9,0,0
9,45,0,9,0,0
9,45,0,9,0,0
76,39,6,9,0,0.111111
9,45,0,9,0,0
9,45,0,9,0,0
9,45,0,9,0,0
9,45,0,9,0,0
9,45,0,9,0,0
9,45,0,9,0,0
9,45,0,9,0,0
79,39,6,9,0,0.111111
9,45,0,9,0,0
9,45,0,9,0,0
9,45,0,9,0,0
9,45,0,9,0,0
9,45,0,9,0,0
9,45,0,9,0,0
9,45,0,9,0,0
80,39,6,9,0,0.111111
9,45,0,9,0,0
9,45,0,9,0,0
9,45,0,9,0,0
9,45,0,9,0,0
9,45,0,9,0,0
9,45,0,9,0,0
9,45,0,9,0,0
76,39,6,9,0,0.111111
9,45,0,9,0,0
9,45,0,9,0,0
9,45,0,9,0,0
9,45,0,9,0,0
9,45,0,9,0,0
9,45,0,9,0,0
9,45,0,9,0,0
66,39,6,9,0,0.111111
9,45,0,9,0,0
9,45,0,9,0,0
9,45,0,9,0,0
9,45,0,9,0,0
9,45,0,9,0,0
9,45,0,9,0,0
9,45,0,9,0,0
81,39,6,9,0,0.111111
9,45,0,9,0,0
9,45,0,9,0,0
9,45,0,9,0,0
9,45,0,9,0,0
9,45,0,9,0,0
9,45,0,9,0,0
9,45,0,9,0,0
75,39,6,9,0,0.111111
9,45,0,9,0,0
9,45,0,9,0,0
9,45,0,9,0,0
9,45,0,9,0,0
9,45,0,9,0,0
9,45,0,9,0,0
9,45,0,9,0,0
66,39,6,9,0,0.111111
9,45,0,9,0,0
9,45,0,9,0,0
9,45,0,9,0,0
9,45,0,9,0,0
9,45,0,9,0,0
9,45,0,9,0,0
9,45,0,9,0,0
87,39,6,9,0,0.111111
9,45,0,9,0,0
9,45,0,9,0,0
9,45,0,9,0,0
9,45,0,9,0,0
9,45,0,9,0,0
9,45,0,9,0,0
9,45,0,9,0,0
75,39,6,9,0,0.111111
9,45,0,9,0,0
9,45,0,9,0,0
9,45,0,9,0,0
9,45,0,9,0,0
9,45,0,9,0,0
9,45,0,9,0,0
9,45,0,9,0,0
73,39,6,9,0,0.111111
9,45,0,9,0,0
9,45,0,9,0,0
9,45,0,9,0,0
9,45,0,9,0,0
9,45,0,9,0,0
9,45,0,9,0,0
9,45,0,9,0,0
72,39,6,9,0,0.111111
9,45,0,9,0,0
9,45,0,9,0,0
9,45,0,9,0,0
9,45,0,9,0,0
9,45,0,9,0,0
9,45,0,9,0,0
9,45,0,9,0,0
70,39,6,9,0,0.111111
9,45,0,9,0,0
9,45,0,9,0,0
9,45,0,9,0,0
9,45,0,9,0,0
9,45,0,9,0,0
9,45,0,9,0,0
9,45,0,9,0,0
73,39,6,9,0,0.111111
9,45,0,9,0,0
9,45,0,9,0,0
9,45,0,9,0,0
9,45,0,9,0,0
9,45,0,9,0,0
9,45,0,9,0,0
9,45,0,9,0,0
65,39,6,9,0,0.111111
9,45,0,9,0,0
9,45,0,9,0,0
9,45,0,9,0,0
9,45,0,9,0,0
9,45,0,9,0,0
9,45,0,9,0,0
9,45,0,9,0,0
62,39,6,9,0,0.111111
9,45,0,9,0,0
9,45,0,9,0,0
9,45,0,9,0,0
9,45,0,9,0,0
9,45,0,9,0,0
9,45,0,9,0,0
9,45,0,9,0,0
54,39,6,9,0,0.111111
9,45,0,9,0,0
9,45,0,9,0,0
9,45,0,9,0,0
9,45,0,9,0,0
9,45,0,9,0,0
9,45,0,9,0,0
9,45,0,9,0,0
54,39,6,9,0,0.111111
9,45,0,9,0,0
9,45,0,9,0,0
9,45,0,9,0,0
9,45,0,9,0,0
9,45,0,9,0,0
9,45,0,9,0,0
9,45,0,9,0,0
77,39,6,9,0,0.111111
9,45,0,9,0,0
9,45,0,9,0,0
9,45,0,9,0,0
9,45,0,9,0,0
9,45,0,9,0,0
9,45,0,9,0,0
9,45,0,9,0,0
65,39,6,9,0,0.111111
9,45,0,9,0,0
9,45,0,9,0,0
9,45,0,9,0,0
9,45,0,9,0,0
9,45,0,9,0,0
9,45,0,9,0,0
9,45,0,9,0,0
72,39,6,9,0,0.111111
9,45,0,9,0,0
9,45,0,9,0,0
9,45,0,9,0,0
9,45,0,9,0,0
9,45,0,9,0,0
9,45,0,9,0,0
9,45,0,9,0,0
59,39,6,9,0,0.111111
9,45,0,9,0,0
9,45,0,9,0,0
9,45,0,9,0,0
9,45,0,9,0,0
9,45,0,9,0,0
9,45,0,9,0,0
9,45,0,9,0,0
72,39,6,9,0,0.111111
9,45,0,9,0,0
9,45,0,9,0,0
9,45,0,9,0,0
9,45,0,9,0,0
9,45,0,9,0,0
9,45,0,9,0,0
9,45,0,9,0,0
54,39,6,9,0,0.111111
9,45,0,9,0,0
9,45,0,9,0,0
9,45,0,9,0,0
9,45,0,9,0,0
9,45,0,9,0,0
9,45,0,9,0,0
9,45,0,9,0,0
66,39,6,9,0,0.111111
9,45,0,9,0,0
9,45,0,9,0,0
9,45,0,9,0,0
9,45,0,9,0,0
9,45,0,9,0,0
9,45,0,9,0,0
9,45,0,9,0,0
58,39,6,9,0,0.111111
9,45,0,9,0,0
9,45,0,9,0,0
9,45,0,9,0,0
9,45,0,9,0,0
9,45,0,9,0,0
9,45,0,9,0,0
9,45,0,9,0,0
48,39,6,9,0,0.111111
9,45,0,9,0,0
9,45,0,9,0,0
9,45,0,9,0,0
9,45,0,9,0,0
9,45,0,9,0,0
9,45,0,9,0,0
9,45,0,9,0,0
59,39,6,9,0,0.111111
9,45,0,9,0,0
9,45,0,9,0,0
9,45,0,9,0,0
9,45,0,9,0,0
9,45,0,9,0,0
9,45,0,9,0,0
9,45,0,9,0,0
63,39,6,9,0,0.111111
9,45,0,9,0,0
9,45,0,9,0,0
9,45,0,9,0,0
9,45,0,9,0,0
9,45,0,9,0,0
9,45,0,9,0,0
9,45,0,9,0,0
60,39,6,9,0,0.111111
9,45,0,9,0,0
9,45,0,9,0,0
9,45,0,9,0,0
9,45,0,9,0,0
9,45,0,9,0,0
9,45,0,9,0,0
9,45,0,9,0,0
61,39,6,9,0,0.111111
9,45,0,9,0,0
9,45,0,9,0,0
9,45,0,9,0,0
9,45,0,9,0,0
9,45,0,9,0,0
9,45,0,9,0,0
9,45,0,9,0,0
69,39,6,9,0,0.111111
9,45,0,9,0,0
9,45,0,9,0,0
9,45,0,9,0,0
9,45,0,9,0,0
9,45,0,9,0,0
9,45,0,9,0,0
9,45,0,9,0,0
48,39,6,9,0,0.111111
9,45,0,9,0,0
9,45,0,9,0,0
9,45,0,9,0,0
9,45,0,9,0,0
9,45,0,9,0,0
9,45,0,9,0,0
9,45,0,9,0,0
57,39,6,9,0,0.111111
9,45,0,9,0,0
9,45,0,9,0,0
9,45,0,9,0,0
9,45,0,9,0,0
9,45,0,9,0,0
9,45,0,9,0,0
9,45,0,9,0,0
66,39,6,9,0,0.111111
9,45,0,9,0,0
9,45,0,9,0,0
9,45,0,9,0,0
9,45,0,9,0,0
9,45,0,9,0,0
9,45,0,9,0,0
9,45,0,9,0,0
48,39,6,9,0,0.111111
9,45,0,9,0,0
9,45,0,9,0,0
9,45,0,9,0,0
9,45,0,9,0,0
9,45,0,9,0,0
9,45,0,9,0,0
9,45,0,9,0,0
53,39,6,9,0,0.111111
9,45,0,9,0,0
9,45,0,9,0,0
9,45,0,9,0,0
9,45,0,9,0,0
9,45,0,9,0,0
9,45,0,9,0,0
9,45,0,9,0,0
41,39,6,9,0,0.111111
9,45,0,9,0,0
9,45,0,9,0,0
9,45,0,9,0,0
9,45,0,9,0,0
9,45,0,9,0,0
9,45,0,9,0,0
9,45,0,9,0,0
52,39,6,9,0,0.111111
9,45,0,9,0,0
9,45,0,9,0,0
9,45,0,9,0,0
9,45,0,9,0,0
9,45,0,9,0,0
9,45,0,9,0,0
9,45,0,9,0,0
59,39,6,9,0,0.111111
9,45,0,9,0,0
9,45,0,9,0,0
9,45,0,9,0,0
9,45,0,9,0,0
9,45,0,9,0,0
9,45,0,9,0,0
9,45,0,9,0,0
36,39,5,10,0,0.0925926
9,45,0,9,0,0
9,45,0,9,0,0
9,45,0,9,0,0
9,45,0,9,0,0
9,45,0,9,0,0
9,45,0,9,0,0
9,45,0,9,0,0
57,39,6,9,0,0.111111
9,45,0,9,0,0
9,45,0,9,0,0
9,45,0,9,0,0
9,45,0,9,0,0
9,45,0,9,0,0
9,45,0,9,0,0
9,45,0,9,0,0
50,39,6,9,0,0.111111
9,45,0,9,0,0
9,45,0,9,0,0
9,45,0,9,0,0
9,45,0,9,0,0
9,45,0,9,0,0
9,45,0,9,0,0
9,45,0,9,0,0
53,39,6,9,0,0.111111
9,45,0,9,0,0
9,45,0,9,0,0
9,45,0,9,0,0
9,45,0,9,0,0
9,45,0,9,0,0
9,45,0,9,0,0
9,45,0,9,0,0
44,39,6,9,0,0.111111
9,45,0,9,0,0
9,45,0,9,0,0
9,45,0,9,0,0
9,45,0,9,0,0
9,45,0,9,0,0
9,45,0,9,0,0
9,45,0,9,0,0
49,39,6,9,0,0.111111
9,45,0,9,0,0
9,45,0,9,0,0
9,45,0,9,0,0
9,45,0,9,0,0
9,45,0,9,0,0
9,45,0,9,0,0
9,45,0,9,0,0
43,39,6,9,0,0.111111
9,45,0,9,0,0
9,45,0,9,0,0
9,45,0,9,0,0
9,45,0,9,0,0
9,45,0,9,0,0
9,45,0,9,0,0
9,45,0,9,0,0
50,39,6,9,0,0.111111
9,45,0,9,0,0
9,45,0,9,0,0
9,45,0,9,0,0
9,45,0,9,0,0
9,45,0,9,0,0
9,45,0,9,0,0
9,45,0,9,0,0
38,39,6,9,0,0.111111
9,45,0,9,0,0
9,45,0,9,0,0
9,45,0,9,0,0
9,45,0,9,0,0
9,45,0,9,0,0
9,45,0,9,0,0
9,45,0,9,0,0
50,39,6,9,0,0.111111
9,45,0,9,0,0
9,45,0,9,0,0
9,45,0,9,0,0
9,45,0,9,0,0
9,45,0,9,0,0
9,45,0,9,0,0
9,45,0,9,0,0
40,39,6,9,0,0.111111
9,45,0,9,0,0
9,45,0,9,0,0
9,45,0,9,0,0
9,45,0,9,0,0
9,45,0,9,0,0
9,45,0,9,0,0
9,45,0,9,0,0
39,39,6,9,0,0.111111
9,45,0,9,0,0
9,45,0,9,0,0
9,45,0,9,0,0
9,45,0,9,0,0
9,45,0,9,0,0
9,45,0,9,0,0
9,45,0,9,0,0
51,39,6,9,0,0.111111
9,45,0,9,0,0
9,45,0,9,0,0
9,45,0,9,0,0
9,45,0,9,0,0
9,45,0,9,0,0
9,45,0,9,0,0
9,45,0,9,0,0
35,39,6,9,0,0.111111
9,45,0,9,0,0
9,45,0,9,0,0
9,45,0,9,0,0
9,45,0,9,0,0
9,45,0,9,0,0
9,45,0,9,0,0
9,45,0,9,0,0
32,39,5,10,0,0.0925926
9,45,0,9,0,0
9,45,0,9,0,0
9,45,0,9,0,0
9,45,0,9,0,0
9,45,0,9,0,0
9,45,0,9,0,0
9,45,0,9,0,0
38,39,5,10,0,0.0925926
9,45,0,9,0,0
9,45,0,9,0,0
9,45,0,9,0,0
9,45,0,9,0,0
9,45,0,9,0,0
9,45,0,9,0,0
9,45,0,9,0,0
45,39,6,9,0,0.111111
9,45,0,9,0,0
9,45,0,9,0,0
9,45,0,9,0,0
9,45,0,9,0,0
9,45,0,9,0,0
9,45,0,9,0,0
9,45,0,9,0,0
32,39,5,10,0,0.0925926
9,45,0,9,0,0
9,45,0,9,0,0
9,45,0,9,0,0
9,45,0,9,0,0
9,45,0,9,0,0
9,45,0,9,0,0
9,45,0,9,0,0
37,39,5,10,0,0.0925926
9,45,0,9,0,0
9,45,0,9,0,0
9,45,0,9,0,0
9,45,0,9,0,0
9,45,0,9,0,0
9,45,0,9,0,0
9,45,0,9,0,0
36,39,5,10,0,0.0925926
9,45,0,9,0,0
9,45,0,9,0,0
9,45,0,9,0,0
9,45,0,9,0,0
9,45,0,9,0,0
9,45,0,9,0,0
9,45,0,9,0,0
29,39,6,9,0,0.111111
9,45,0,9,0,0
9,45,0,9,0,0
9,45,0,9,0,0
9,45,0,9,0,0
9,45,0,9,0,0
9,45,0,9,0,0
9,45,0,9,0,0
41,39,6,9,0,0.111111
9,45,0,9,0,0
9,45,0,9,0,0
9,45,0,9,0,0
9,45,0,9,0,0
9,45,0,9,0,0
9,45,0,9,0,0
9,45,0,9,0,0
26,39,6,9,0,0.111111
9,45,0,9,0,0
9,45,0,9,0,0
9,45,0,9,0,0
9,45,0,9,0,0
9,45,0,9,0,0
9,45,0,9,0,0
9,45,0,9,0,0
31,40,5,9,0,0.0925926
9,45,0,9,0,0
9,45,0,9,0,0
9,45,0,9,0,0
9,45,0,9,0,0
9,45,0,9,0,0
9,45,0,9,0,0
9,45,0,9,0,0
26,39,5,10,0,0.0925926
9,45,0,9,0,0
9,45,0,9,0,0
9,45,0,9,0,0
9,45,0,9,0,0
9,45,0,9,0,0
9,45,0,9,0,0
9,45,0,9,0,0
31,40,5,9,0,0.0925926
9,45,0,9,0,0
9,45,0,9,0,0
9,45,0,9,0,0
9,45,0,9,0,0
9,45,0,9,0,0
9,45,0,9,0,0
9,45,0,9,0,0
21,39,4,11,0,0.0740741
9,45,0,9,0,0
9,45,0,9,0,0
9,45,0,9,0,0
9,45,0,9,0,0
9,45,0,9,0,0
9,45,0,9,0,0
9,45,0,9,0,0
38,39,6,9,0,0.111111
9,45,0,9,0,0
9,45,0,9,0,0
9,45,0,9,0,0
9,45,0,9,0,0
9,45,0,9,0,0
9,45,0,9,0,0
9,45,0,9,0,0
21,40,4,10,0,0.0740741
9,45,0,9,0,0
9,45,0,9,0,0
9,45,0,9,0,0
9,45,0,9,0,0
9,45,0,9,0,0
9,45,0,9,0,0
9,45,0,9,0,0
24,39,3,12,0,0.0555556
9,45,0,9,0,0
9,45,0,9,0,0
9,45,0,9,0,0
9,45,0,9,0,0
9,45,0,9,0,0
9,45,0,9,0,0
9,45,0,9,0,0
21,39,4,11,0,0.0740741
9,45,0,9,0,0
9,45,0,9,0,0
9,45,0,9,0,0
9,45,0,9,0,0
9,45,0,9,0,0
9,45,0,9,0,0
9,45,0,9,0,0
26,39,5,10,0,0.0925926
9,45,0,9,0,0
9,45,0,9,0,0
9,45,0,9,0,0
9,45,0,9,0,0
9,45,0,9,0,0
9,45,0,9,0,0
9,45,0,9,0,0
23,39,5,10,0,0.0925926
9,45,0,9,0,0
9,45,0,9,0,0
9,45,0,9,0,0
9,45,0,9,0,0
9,45,0,9,0,0
9,45,0,9,0,0
9,45,0,9,0,0
25,39,4,11,0,0.0740741
9,45,0,9,0,0
9,45,0,9,0,0
9,45,0,9,0,0
9,45,0,9,0,0
9,45,0,9,0,0
9,45,0,9,0,0
9,45,0,9,0,0
22,39,4,11,0,0.0740741
9,45,0,9,0,0
9,45,0,9,0,0
9,45,0,9,0,0
9,45,0,9,0,0
9,45,0,9,0,0
9,45,0,9,0,0
9,45,0,9,0,0
31,39,6,9,0,0.111111
9,45,0,9,0,0
9,45,0,9,0,0
9,45,0,9,0,0
9,45,0,9,0,0
9,45,0,9,0,0
9,45,0,9,0,0
9,45,0,9,0,0
23,39,3,12,0,0.0555556
9,45,0,9,0,0
9,45,0,9,0,0
9,45,0,9,0,0
9,45,0,9,0,0
9,45,0,9,0,0
9,45,0,9,0,0
9,45,0,9,0,0
23,39,4,11,0,0.0740741
9,45,0,9,0,0
9,45,0,9,0,0
9,45,0,9,0,0
9,45,0,9,0,0
9,45,0,9,0,0
9,45,0,9,0,0
9,45,0,9,0,0
26,39,4,11,0,0.0740741
9,45,0,9,0,0
9,45,0,9,0,0
9,45,0,9,0,0
9,45,0,9,0,0
9,45,0,9,0,0
9,45,0,9,0,0
9,45,0,9,0,0
18,40,3,11,0,0.0555556
9,45,0,9,0,0
9,45,0,9,0,0
9,45,0,9,0,0
9,45,0,9,0,0
9,45,0,9,0,0
9,45,0,9,0,0
9,45,0,9,0,0
19,40,3,11,0,0.0555556
9,45,0,9,0,0
9,45,0,9,0,0
9,45,0,9,0,0
9,45,0,9,0,0
9,45,0,9,0,0
9,45,0,9,0,0
9,45,0,9,0,0
14,41,1,12,0,0.0185185
9,45,0,9,0,0
9,45,0,9,0,0
9,45,0,9,0,0
9,45,0,9,0,0
9,45,0,9,0,0
9,45,0,9,0,0
9,45,0,9,0,0
18,42,3,9,0,0.0555556
9,45,0,9,0,0
9,45,0,9,0,0
9,45,0,9,0,0
9,45,0,9,0,0
9,45,0,9,0,0
9,45,0,9,0,0
9,45,0,9,0,0
15,42,2,10,0,0.037037
9,45,0,9,0,0
9,45,0,9,0,0
9,45,0,9,0,0
9,45,0,9,0,0
9,45,0,9,0,0
9,45,0,9,0,0
9,45,0,9,0,0
12,43,1,10,0,0.0185185
9,45,0,9,0,0
9,45,0,9,0,0
9,45,0,9,0,0
9,45,0,9,0,0
9,45,0,9,0,0
9,45,0,9,0,0
9,45,0,9,0,0
14,41,1,12,0,0.0185185
9,45,0,9,0,0
9,45,0,9,0,0
9,45,0,9,0,0
9,45,0,9,0,0
9,45,0,9,0,0
9,45,0,9,0,0
9,45,0,9,0,0
15,42,2,10,0,0.037037
9,45,0,9,0,0
9,45,0,9,0,0
9,45,0,9,0,0
9,45,0,9,0,0
9,45,0,9,0,0
9,45,0,9,0,0
9,45,0,9,0,0
17,41,2,11,0,0.037037
9,45,0,9,0,0
9,45,0,9,0,0
9,45,0,9,0,0
9,45,0,9,0,0
9,45,0,9,0,0
9,45,0,9,0,0
9,45,0,9,0,0
14,43,1,10,0,0.0185185
7,47,0,7,0,0
6,48,0,6,0,0
6,48,0,6,0,0
6,48,0,6,0,0
6,48,0,6,0,0
6,48,0,6,0,0
6,48,0,6,0,0
11,44,1,9,0,0.0185185
6,48,0,6,0,0
6,48,0,6,0,0
6,48,0,6,0,0
6,48,0,6,0,0
6,48,0,6,0,0
6,48,0,6,0,0
6,48,0,6,0,0
8,47,1,6,0,0.0185185
6,48,0,6,0,0
6,48,0,6,0,0
6,48,0,6,0,0
6,48,0,6,0,0
6,48,0,6,0,0
6,48,0,6,0,0
6,48,0,6,0,0
11,45,1,8,0,0.0185185
6,48,0,6,0,0
6,48,0,6,0,0
6,48,0,6,0,0
6,48,0,6,0,0
6,48,0,6,0,0
6,48,0,6,0,0
6,48,0,6,0,0
9,46,1,7,0,0.0185185
6,48,0,6,0,0
6,48,0,6,0,0
6,48,0,6,0,0
6,48,0,6,0,0
6,48,0,6,0,0
6,48,0,6,0,0
6,48,0,6,0,0
10,46,2,6,0,0.037037
6,48,0,6,0,0
6,48,0,6,0,0
6,48,0,6,0,0
6,48,0,6,0,0
6,48,0,6,0,0
6,48,0,6,0,0
6,48,0,6,0,0
7,47,0,7,0,0
6,48,0,6,0,0
6,48,0,6,0,0
6,48,0,6,0,0
6,48,0,6,0,0
6,48,0,6,0,0
6,48,0,6,0,0
6,48,0,6,0,0
8,46,0,8,0,0
6,48,0,6,0,0
6,48,0,6,0,0
6,48,0,6,0,0
6,48,0,6,0,0
6,48,0,6,0,0
6,48,0,6,0,0
6,48,0,6,0,0
11,45,1,8,0,0.0185185
6,48,0,6,0,0
6,48,0,6,0,0
6,48,0,6,0,0
6,48,0,6,0,0
6,48,0,6,0,0
6,48,0,6,0,0
6,48,0,6,0,0
6,48,0,6,0,0
6,48,0,6,0,0
6,48,0,6,0,0
6,48,0,6,0,0
6,48,0,6,0,0
6,48,0,6,0,0
6,48,0,6,0,0
6,48,0,6,0,0
6,48,0,6,0,0
6,48,0,6,0,0
6,48,0,6,0,0
6,48,0,6,0,0
6,48,0,6,0,0
6,48,0,6,0,0
6,48,0,6,0,0
6,48,0,6,0,0
6,48,0,6,0,0
6,48,0,6,0,0
6,48,0,6,0,0
6,48,0,6,0,0
5,49,0,5,0,0
3,51,0,3,0,0
3,51,0,3,0,0
3,51,0,3,0,0
3,51,0,3,0,0
3,51,0,3,0,0
3,51,0,3,0,0
3,51,0,3,0,0
1,53,0,1,0,0
0,0,0,0,0,0
0,0,0,0,0,0
0,0,0,0,0,0
0,0,0,0,0,0
0,0,0,0,0,0
0,0,0,0,0,0
0,0,0,0,0,0
0,0,0,0,0,0
0,0,0,0,0,0
0,0,0,0,0,0
0,0,0,0,0,0
0,0,0,0,0,0
0,0,0,0,0,0
0,0,0,0,0,0
0,0,0,0,0,0
0,0,0,0,0,0
0,0,0,0,0,0
0,0,0,0,0,0
0,0,0,0,0,0
0,0,0,0,0,0
0,0,0,0,0,0
0,0,0,0,0,0
0,0,0,0,0,0
0,0,0,0,0,0
0,0,0,0,0,0
0,0,0,0,0,0
0,0,0,0,0,0
0,0,0,0,0,0
0,0,0,0,0,0
0,0,0,0,0,0
0,0,0,0,0,0
0,0,0,0,0,0
0,0,0,0,0,0
0,0,0,0,0,0
0,0,0,0,0,0
0,0,0,0,0,0
0,0,0,0,0,0
0,0,0,0,0,0
0,0,0,0,0,0
0,0,0,0,0,0
0,0,0,0,0,0
0,0,0,0,0,0
0,0,0,0,0,0
0,0,0,0,0,0
0,0,0,0,0,0
0,0,0,0,0,0
0,0,0,0,0,0
0,0,0,0,0,0
0,0,0,0,0,0
0,0,0,0,0,0
0,0,0,0,0,0
0,0,0,0,0,0
0,0,0,0,0,0
0,0,0,0,0,0
0,0,0,0,0,0
0,0,0,0,0,0
0,0,0,0,0,0
0,0,0,0,0,0
0,0,0,0,0,0
0,0,0,0,0,0
0,0,0,0,0,0
0,0,0,0,0,0
0,0,0,0,0,0
0,0,0,0,0,0
0,0,0,0,0,0
0,0,0,0,0,0
0,0,0,0,0,0
0,0,0,0,0,0
0,0,0,0,0,0
0,0,0,0,0,0
0,0,0,0,0,0
0,0,0,0,0,0
0,0,0,0,0,0
0,0,0,0,0,0
0,0,0,0,0,0
0,0,0,0,0,0
0,0,0,0,0,0
0,0,0,0,0,0
0,0,0,0,0,0
0,0,0,0,0,0
0,0,0,0,0,0
0,0,0,0,0,0
0,0,0,0,0,0
0,0,0,0,0,0
0,0,0,0,0,0
0,0,0,0,0,0
0,0,0,0,0,0
0,0,0,0,0,0
0,0,0,0,0,0
0,0,0,0,0,0
0,0,0,0,0,0
0,0,0,0,0,0
0,0,0,0,0,0
0,0,0,0,0,0
0,0,0,0,0,0
0,0,0,0,0,0
0,0,0,0,0,0
0,0,0,0,0,0
0,0,0,0,0,0
0,0,0,0,0,0
0,0,0,0,0,0
0,0,0,0,0,0
0,0,0,0,0,0
0,0,0,0,0,0
0,0,0,0,0,0
0,0,0,0,0,0
0,0,0,0,0,0
0,0,0,0,0,0
0,0,0,0,0,0
0,0,0,0,0,0
0,0,0,0,0,0
0,0,0,0,0,0
0,0,0,0,0,0
0,0,0,0,0,0
0,0,0,0,0,0
0,0,0,0,0,0
0,0,0,0,0,0
0,0,0,0,0,0
0,0,0,0,0,0
0,0,0,0,0,0
0,0,0,0,0,0
0,0,0,0,0,0
0,0,0,0,0,0
0,0,0,0,0,0
0,0,0,0,0,0
0,0,0,0,0,0
0,0,0,0,0,0
0,0,0,0,0,0
0,0,0,0,0,0
0,0,0,0,0,0
0,0,0,0,0,0
0,0,0,0,0,0
0,0,0,0,0,0
0,0,0,0,0,0
0,0,0,0,0,0
0,0,0,0,0,0
0,0,0,0,0,0
0,0,0,0,0,0
0,0,0,0,0,0
0,0,0,0,0,0
0,0,0,0,0,0
0,0,0,0,0,0
0,0,0,0,0,0
0,0,0,0,0,0
0,0,0,0,0,0
0,0,0,0,0,0
0,0,0,0,0,0
0,0,0,0,0,0
0,0,0,0,0,0
0,0,0,0,0,0
0,0,0,0,0,0
0,0,0,0,0,0
0,0,0,0,0,0
0,0,0,0,0,0
0,0,0,0,0,0
0,0,0,0,0,0
0,0,0,0,0,0
0,0,0,0,0,0
0,0,0,0,0,0
0,0,0,0,0,0
0,0,0,0,0,0
0,0,0,0,0,0
0,0,0,0,0,0
0,0,0,0,0,0
0,0,0,0,0,0
0,0,0,0,0,0
0,0,0,0,0,0
0,0,0,0,0,0
0,0,0,0,0,0
0,0,0,0,0,0
0,0,0,0,0,0
0,0,0,0,0,0
0,0,0,0,0,0
0,0,0,0,0,0
0,0,0,0,0,0
0,0,0,0,0,0
0,0,0,0,0,0
0,0,0,0,0,0
0,0,0,0,0,0
0,0,0,0,0,0
0,0,0,0,0,0
0,0,0,0,0,0
0,0,0,0,0,0
0,0,0,0,0,0
0,0,0,0,0,0
0,0,0,0,0,0
0,0,0,0,0,0
0,0,0,0,0,0
0,0,0,0,0,0
0,0,0,0,0,0
0,0,0,0,0,0
0,0,0,0,0,0
0,0,0,0,0,0
0,0,0,0,0,0
0,0,0,0,0,0
0,0,0,0,0,0
0,0,0,0,0,0
0,0,0,0,0,0
0,0,0,0,0,0
0,0,0,0,0,0
0,0,0,0,0,0
0,0,0,0,0,0
0,0,0,0,0,0
0,0,0,0,0,0
0,0,0,0,0,0
0,0,0,0,0,0
0,0,0,0,0,0
0,0,0,0,0,0
0,0,0,0,0,0
0,0,0,0,0,0
0,0,0,0,0,0
0,0,0,0,0,0
0,0,0,0,0,0
0,0,0,0,0,0
0,0,0,0,0,0
0,0,0,0,0,0
0,0,0,0,0,0
0,0,0,0,0,0
0,0,0,0,0,0
0,0,0,0,0,0
0,0,0,0,0,0
0,0,0,0,0,0
0,0,0,0,0,0
0,0,0,0,0,0
0,0,0,0,0,0
0,0,0,0,0,0
0,0,0,0,0,0
0,0,0,0,0,0
0,0,0,0,0,0
0,0,0,0,0,0
0,0,0,0,0,0
0,0,0,0,0,0
0,0,0,0,0,0
0,0,0,0,0,0
0,0,0,0,0,0
0,0,0,0,0,0
0,0,0,0,0,0
0,0,0,0,0,0
0,0,0,0,0,0
0,0,0,0,0,0
0,0,0,0,0,0
0,0,0,0,0,0
0,0,0,0,0,0
0,0,0,0,0,0
0,0,0,0,0,0
0,0,0,0,0,0
0,0,0,0,0,0
0,0,0,0,0,0
0,0,0,0,0,0
0,0,0,0,0,0
0,0,0,0,0,0
0,0,0,0,0,0
0,0,0,0,0,0
0,0,0,0,0,0
0,0,0,0,0,0
0,0,0,0,0,0
0,0,0,0,0,0
0,0,0,0,0,0
0,0,0,0,0,0
0,0,0,0,0,0
0,0,0,0,0,0
0,0,0,0,0,0
0,0,0,0,0,0
0,0,0,0,0,0
0,0,0,0,0,0
0,0,0,0,0,0
0,0,0,0,0,0
0,0,0,0,0,0
0,0,0,0,0,0
0,0,0,0,0,0
0,0,0,0,0,0
0,0,0,0,0,0
0,0,0,0,0,0
0,0,0,0,0,0
0,0,0,0,0,0
0,0,0,0,0,0
0,0,0,0,0,0
0,0,0,0,0,0
0,0,0,0,0,0
0,0,0,0,0,0
0,0,0,0,0,0
0,0,0,0,0,0
0,0,0,0,0,0
0,0,0,0,0,0
0,0,0,0,0,0
0,0,0,0,0,0
0,0,0,0,0,0
0,0,0,0,0,0
0,0,0,0,0,0
0,0,0,0,0,0
0,0,0,0,0,0
0,0,0,0,0,0
0,0,0,0,0,0
0,0,0,0,0,0
0,0,0,0,0,0
0,0,0,0,0,0
0,0,0,0,0,0
0,0,0,0,0,0
0,0,0,0,0,0
0,0,0,0,0,0
0,0,0,0,0,0
0,0,0,0,0,0
0,0,0,0,0,0
0,0,0,0,0,0
0,0,0,0,0,0
0,0,0,0,0,0
0,0,0,0,0,0
0,0,0,0,0,0
0,0,0,0,0,0
0,0,0,0,0,0
0,0,0,0,0,0
0,0,0,0,0,0
0,0,0,0,0,0
0,0,0,0,0,0
0,0,0,0,0,0
0,0,0,0,0,0
0,0,0,0,0,0
0,0,0,0,0,0
0,0,0,0,0,0
0,0,0,0,0,0
0,0,0,0,0,0
0,0,0,0,0,0
0,0,0,0,0,0
0,0,0,0,0,0
0,0,0,0,0,0
0,0,0,0,0,0
0,0,0,0,0,0
0,0,0,0,0,0
0,0,0,0,0,0
0,0,0,0,0,0
0,0,0,0,0,0
0,0,0,0,0,0
0,0,0,0,0,0
0,0,0,0,0,0
0,0,0,0,0,0
0,0,0,0,0,0
0,0,0,0,0,0
0,0,0,0,0,0
0,0,0,0,0,0
0,0,0,0,0,0
0,0,0,0,0,0
0,0,0,0,0,0
0,0,0,0,0,0
0,0,0,0,0,0
0,0,0,0,0,0
0,0,0,0,0,0
0,0,0,0,0,0
0,0,0,0,0,0
0,0,0,0,0,0
0,0,0,0,0,0
0,0,0,0,0,0
0,0,0,0,0,0
0,0,0,0,0,0
0,0,0,0,0,0
0,0,0,0,0,0
0,0,0,0,0,0
0,0,0,0,0,0
0,0,0,0,0,0
0,0,0,0,0,0
0,0,0,0,0,0
0,0,0,0,0,0
0,0,0,0,0,0
0,0,0,0,0,0
0,0,0,0,0,0
0,0,0,0,0,0
0,0,0,0,0,0
0,0,0,0,0,0
0,0,0,0,0,0
0,0,0,0,0,0
0,0,0,0,0,0
0,0,0,0,0,0
0,0,0,0,0,0
0,0,0,0,0,0
0,0,0,0,0,0
0,0,0,0,0,0
0,0,0,0,0,0
0,0,0,0,0,0
0,0,0,0,0,0
0,0,0,0,0,0
0,0,0,0,0,0
0,0,0,0,0,0
0,0,0,0,0,0
0,0,0,0,0,0
0,0,0,0,0,0
0,0,0,0,0,0
0,0,0,0,0,0
0,0,0,0,0,0
0,0,0,0,0,0
0,0,0,0,0,0
0,0,0,0,0,0
0,0,0,0,0,0
0,0,0,0,0,0
0,0,0,0,0,0
0,0,0,0,0,0
0,0,0,0,0,0
0,0,0,0,0,0
0,0,0,0,0,0
0,0,0,0,0,0
0,0,0,0,0,0
0,0,0,0,0,0
0,0,0,0,0,0
0,0,0,0,0,0
0,0,0,0,0,0
0,0,0,0,0,0
0,0,0,0,0,0
0,0,0,0,0,0
0,0,0,0,0,0
0,0,0,0,0,0
0,0,0,0,0,0
0,0,0,0,0,0
0,0,0,0,0,0
0,0,0,0,0,0
0,0,0,0,0,0
0,0,0,0,0,0
0,0,0,0,0,0
0,0,0,0,0,0
0,0,0,0,0,0
0,0,0,0,0,0
0,0,0,0,0,0
0,0,0,0,0,0
0,0,0,0,0,0
0,0,0,0,0,0
0,0,0,0,0,0
0,0,0,0,0,0
0,0,0,0,0,0
0,0,0,0,0,0
0,0,0,0,0,0
0,0,0,0,0,0
0,0,0,0,0,0
0,0,0,0,0,0
0,0,0,0,0,0
0,0,0,0,0,0
0,0,0,0,0,0
0,0,0,0,0,0
0,0,0,0,0,0
0,0,0,0,0,0
0,0,0,0,0,0
0,0,0,0,0,0
0,0,0,0,0,0
0,0,0,0,0,0
0,0,0,0,0,0
0,0,0,0,0,0
0,0,0,0,0,0
0,0,0,0,0,0
0,0,0,0,0,0
0,0,0,0,0,0
0,0,0,0,0,0
0,0,0,0,0,0
0,0,0,0,0,0
0,0,0,0,0,0
0,0,0,0,0,0
0,0,0,0,0,0
0,0,0,0,0,0
0,0,0,0,0,0
0,0,0,0,0,0
0,0,0,0,0,0
0,0,0,0,0,0
0,0,0,0,0,0
0,0,0,0,0,0
0,0,0,0,0,0
0,0,0,0,0,0
0,0,0,0,0,0
0,0,0,0,0,0
0,0,0,0,0,0
0,0,0,0,0,0
0,0,0,0,0,0
0,0,0,0,0,0
0,0,0,0,0,0
0,0,0,0,0,0
0,0,0,0,0,0
0,0,0,0,0,0
0,0,0,0,0,0
0,0,0,0,0,0
0,0,0,0,0,0
0,0,0,0,0,0
0,0,0,0,0,0
0,0,0,0,0,0
0,0,0,0,0,0
0,0,0,0,0,0
0,0,0,0,0,0
0,0,0,0,0,0
0,0,0,0,0,0
0,0,0,0,0,0
0,0,0,0,0,0
0,0,0,0,0,0
0,0,0,0,0,0
0,0,0,0,0,0
0,0,0,0,0,0
0,0,0,0,0,0
0,0,0,0,0,0
0,0,0,0,0,0
0,0,0,0,0,0
0,0,0,0,0,0
0,0,0,0,0,0
0,0,0,0,0,0
0,0,0,0,0,0
0,0,0,0,0,0
0,0,0,0,0,0
0,0,0,0,0,0
0,0,0,0,0,0
0,0,0,0,0,0
0,0,0,0,0,0
0,0,0,0,0,0
0,0,0,0,0,0
0,0,0,0,0,0
0,0,0,0,0,0
0,0,0,0,0,0
0,0,0,0,0,0
0,0,0,0,0,0
0,0,0,0,0,0
0,0,0,0,0,0
0,0,0,0,0,0
0,0,0,0,0,0
0,0,0,0,0,0
0,0,0,0,0,0
0,0,0,0,0,0
0,0,0,0,0,0
0,0,0,0,0,0
0,0,0,0,0,0
0,0,0,0,0,0
0,0,0,0,0,0
0,0,0,0,0,0
0,0,0,0,0,0
0,0,0,0,0,0
0,0,0,0,0,0
0,0,0,0,0,0
0,0,0,0,0,0
0,0,0,0,0,0
0,0,0,0,0,0
0,0,0,0,0,0
0,0,0,0,0,0
0,0,0,0,0,0
0,0,0,0,0,0
0,0,0,0,0,0
0,0,0,0,0,0
0,0,0,0,0,0
0,0,0,0,0,0
0,0,0,0,0,0
0,0,0,0,0,0
0,0,0,0,0,0
0,0,0,0,0,0
0,0,0,0,0,0
0,0,0,0,0,0
0,0,0,0,0,0
0,0,0,0,0,0
0,0,0,0,0,0
0,0,0,0,0,0
0,0,0,0,0,0
0,0,0,0,0,0
0,0,0,0,0,0
0,0,0,0,0,0
0,0,0,0,0,0
0,0,0,0,0,0
0,0,0,0,0,0
0,0,0,0,0,0
0,0,0,0,0,0
0,0,0,0,0,0
0,0,0,0,0,0
0,0,0,0,0,0
0,0,0,0,0,0
0,0,0,0,0,0
0,0,0,0,0,0
0,0,0,0,0,0
0,0,0,0,0,0
0,0,0,0,0,0
0,0,0,0,0,0
0,0,0,0,0,0
0,0,0,0,0,0
0,0,0,0,0,0
0,0,0,0,0,0
0,0,0,0,0,0
0,0,0,0,0,0
0,0,0,0,0,0
0,0,0,0,0,0
0,0,0,0,0,0
0,0,0,0,0,0
0,0,0,0,0,0
0,0,0,0,0,0
0,0,0,0,0,0
0,0,0,0,0,0
0,0,0,0,0,0
0,0,0,0,0,0
0,0,0,0,0,0
0,0,0,0,0,0
0,0,0,0,0,0
0,0,0,0,0,0
0,0,0,0,0,0
0,0,0,0,0,0
0,0,0,0,0,0
0,0,0,0,0,0
0,0,0,0,0,0
0,0,0,0,0,0
0,0,0,0,0,0
0,0,0,0,0,0
0,0,0,0,0,0
0,0,0,0,0,0
0,0,0,0,0,0
0,0,0,0,0,0
0,0,0,0,0,0
0,0,0,0,0,0
0,0,0,0,0,0
0,0,0,0,0,0
0,0,0,0,0,0
0,0,0,0,0,0
0,0,0,0,0,0
0,0,0,0,0,0
0,0,0,0,0,0
0,0,0,0,0,0
0,0,0,0,0,0
0,0,0,0,0,0
0,0,0,0,0,0
0,0,0,0,0,0
0,0,0,0,0,0
0,0,0,0,0,0
0,0,0,0,0,0
0,0,0,0,0,0
0,0,0,0,0,0
0,0,0,0,0,0
0,0,0,0,0,0
0,0,0,0,0,0
0,0,0,0,0,0
0,0,0,0,0,0
0,0,0,0,0,0
0,0,0,0,0,0
0,0,0,0,0,0
0,0,0,0,0,0
0,0,0,0,0,0
0,0,0,0,0,0
0,0,0,0,0,0
0,0,0,0,0,0
0,0,0,0,0,0
0,0,0,0,0,0
0,0,0,0,0,0
0,0,0,0,0,0
0,0,0,0,0,0
0,0,0,0,0,0
0,0,0,0,0,0
0,0,0,0,0,0
0,0,0,0,0,0
0,0,0,0,0,0
0,0,0,0,0,0
0,0,0,0,0,0
0,0,0,0,0,0
0,0,0,0,0,0
0,0,0,0,0,0
0,0,0,0,0,0
0,0,0,0,0,0
0,0,0,0,0,0
0,0,0,0,0,0
0,0,0,0,0,0
0,0,0,0,0,0
0,0,0,0,0,0
0,0,0,0,0,0
0,0,0,0,0,0
0,0,0,0,0,0
0,0,0,0,0,0
0,0,0,0,0,0
0,0,0,0,0,0
0,0,0,0,0,0
0,0,0,0,0,0
0,0,0,0,0,0
0,0,0,0,0,0
0,0,0,0,0,0
0,0,0,0,0,0
0,0,0,0,0,0
0,0,0,0,0,0
0,0,0,0,0,0
0,0,0,0,0,0
0,0,0,0,0,0
0,0,0,0,0,0
0,0,0,0,0,0
0,0,0,0,0,0
0,0,0,0,0,0
0,0,0,0,0,0
0,0,0,0,0,0
0,0,0,0,0,0
0,0,0,0,0,0
0,0,0,0,0,0
0,0,0,0,0,0
0,0,0,0,0,0
0,0,0,0,0,0
0,0,0,0,0,0
0,0,0,0,0,0
0,0,0,0,0,0
0,0,0,0,0,0
0,0,0,0,0,0
0,0,0,0,0,0
0,0,0,0,0,0
0,0,0,0,0,0
0,0,0,0,0,0
0,0,0,0,0,0
0,0,0,0,0,0
0,0,0,0,0,0
0,0,0,0,0,0
0,0,0,0,0,0
0,0,0,0,0,0
0,0,0,0,0,0
0,0,0,0,0,0
0,0,0,0,0,0
0,0,0,0,0,0
0,0,0,0,0,0
0,0,0,0,0,0
0,0,0,0,0,0
0,0,0,0,0,0
0,0,0,0,0,0
0,0,0,0,0,0
0,0,0,0,0,0
0,0,0,0,0,0
0,0,0,0,0,0
0,0,0,0,0,0
0,0,0,0,0,0
0,0,0,0,0,0
0,0,0,0,0,0
0,0,0,0,0,0
0,0,0,0,0,0
0,0,0,0,0,0
0,0,0,0,0,0
0,0,0,0,0,0
0,0,0,0,0,0
0,0,0,0,0,0
0,0,0,0,0,0
0,0,0,0,0,0
0,0,0,0,0,0
0,0,0,0,0,0
0,0,0,0,0,0
0,0,0,0,0,0
0,0,0,0,0,0
0,0,0,0,0,0
0,0,0,0,0,0
0,0,0,0,0,0
0,0,0,0,0,0
0,0,0,0,0,0
0,0,0,0,0,0
0,0,0,0,0,0
0,0,0,0,0,0
0,0,0,0,0,0
0,0,0,0,0,0
0,0,0,0,0,0
0,0,0,0,0,0
0,0,0,0,0,0
0,0,0,0,0,0
0,0,0,0,0,0
0,0,0,0,0,0
0,0,0,0,0,0
0,0,0,0,0,0
0,0,0,0,0,0
0,0,0,0,0,0
0,0,0,0,0,0
0,0,0,0,0,0
0,0,0,0,0,0
0,0,0,0,0,0
0,0,0,0,0,0
0,0,0,0,0,0
0,0,0,0,0,0
0,0,0,0,0,0
0,0,0,0,0,0
0,0,0,0,0,0
0,0,0,0,0,0
0,0,0,0,0,0
0,0,0,0,0,0
0,0,0,0,0,0
0,0,0,0,0,0
0,0,0,0,0,0
0,0,0,0,0,0
0,0,0,0,0,0
0,0,0,0,0,0
0,0,0,0,0,0
0,0,0,0,0,0
0,0,0,0,0,0
0,0,0,0,0,0
0,0,0,0,0,0
0,0,0,0,0,0
0,0,0,0,0,0
0,0,0,0,0,0
0,0,0,0,0,0
0,0,0,0,0,0
0,0,0,0,0,0
0,0,0,0,0,0
0,0,0,0,0,0
0,0,0,0,0,0
0,0,0,0,0,0
0,0,0,0,0,0
0,0,0,0,0,0
0,0,0,0,0,0
0,0,0,0,0,0
0,0,0,0,0,0
0,0,0,0,0,0
0,0,0,0,0,0
0,0,0,0,0,0
0,0,0,0,0,0
0,0,0,0,0,0
0,0,0,0,0,0
0,0,0,0,0,0
0,0,0,0,0,0
0,0,0,0,0,0
0,0,0,0,0,0
0,0,0,0,0,0
0,0,0,0,0,0
0,0,0,0,0,0
0,0,0,0,0,0
0,0,0,0,0,0
0,0,0,0,0,0
0,0,0,0,0,0
0,0,0,0,0,0
0,0,0,0,0,0
0,0,0,0,0,0
0,0,0,0,0,0
0,0,0,0,0,0
0,0,0,0,0,0
0,0,0,0,0,0
0,0,0,0,0,0
0,0,0,0,0,0
0,0,0,0,0,0
0,0,0,0,0,0
0,0,0,0,0,0
0,0,0,0,0,0
0,0,0,0,0,0
0,0,0,0,0,0
0,0,0,0,0,0
0,0,0,0,0,0
0,0,0,0,0,0
0,0,0,0,0,0
0,0,0,0,0,0
0,0,0,0,0,0
0,0,0,0,0,0
0,0,0,0,0,0
0,0,0,0,0,0
0,0,0,0,0,0
0,0,0,0,0,0
0,0,0,0,0,0
0,0,0,0,0,0
0,0,0,0,0,0
0,0,0,0,0,0
0,0,0,0,0,0
0,0,0,0,0,0
0,0,0,0,0,0
0,0,0,0,0,0
0,0,0,0,0,0
0,0,0,0,0,0
0,0,0,0,0,0
0,0,0,0,0,0
0,0,0,0,0,0
0,0,0,0,0,0
0,0,0,0,0,0
0,0,0,0,0,0
0,0,0,0,0,0
0,0,0,0,0,0
0,0,0,0,0,0
0,0,0,0,0,0
0,0,0,0,0,0
0,0,0,0,0,0
0,0,0,0,0,0
0,0,0,0,0,0
0,0,0,0,0,0
0,0,0,0,0,0
0,0,0,0,0,0
0,0,0,0,0,0
0,0,0,0,0,0
0,0,0,0,0,0
0,0,0,0,0,0
0,0,0,0,0,0
0,0,0,0,0,0
0,0,0,0,0,0
0,0,0,0,0,0
0,0,0,0,0,0
0,0,0,0,0,0
0,0,0,0,0,0
0,0,0,0,0,0
0,0,0,0,0,0
0,0,0,0,0,0
0,0,0,0,0,0
0,0,0,0,0,0
0,0,0,0,0,0
0,0,0,0,0,0
0,0,0,0,0,0
0,0,0,0,0,0
0,0,0,0,0,0
0,0,0,0,0,0
0,0,0,0,0,0
0,0,0,0,0,0
0,0,0,0,0,0
0,0,0,0,0,0
0,0,0,0,0,0
0,0,0,0,0,0
0,0,0,0,0,0
0,0,0,0,0,0
0,0,0,0,0,0
0,0,0,0,0,0
0,0,0,0,0,0
0,0,0,0,0,0
0,0,0,0,0,0
0,0,0,0,0,0
0,0,0,0,0,0
0,0,0,0,0,0
0,0,0,0,0,0
0,0,0,0,0,0
0,0,0,0,0,0
0,0,0,0,0,0
0,0,0,0,0,0
0,0,0,0,0,0
0,0,0,0,0,0
0,0,0,0,0,0
0,0,0,0,0,0
0,0,0,0,0,0
0,0,0,0,0,0
0,0,0,0,0,0
0,0,0,0,0,0
0,0,0,0,0,0
0,0,0,0,0,0
0,0,0,0,0,0
0,0,0,0,0,0
0,0,0,0,0,0
0,0,0,0,0,0
0,0,0,0,0,0
0,0,0,0,0,0
0,0,0,0,0,0
0,0,0,0,0,0
0,0,0,0,0,0
0,0,0,0,0,0
0,0,0,0,0,0
0,0,0,0,0,0
0,0,0,0,0,0
0,0,0,0,0,0
0,0,0,0,0,0
0,0,0,0,0,0
0,0,0,0,0,0
0,0,0,0,0,0
0,0,0,0,0,0
0,0,0,0,0,0
0,0,0,0,0,0
0,0,0,0,0,0
0,0,0,0,0,0
0,0,0,0,0,0
0,0,0,0,0,0
0,0,0,0,0,0
0,0,0,0,0,0
0,0,0,0,0,0
0,0,0,0,0,0
0,0,0,0,0,0
0,0,0,0,0,0
0,0,0,0,0,0
0,0,0,0,0,0
0,0,0,0,0,0
0,0,0,0,0,0
0,0,0,0,0,0
0,0,0,0,0,0
0,0,0,0,0,0
0,0,0,0,0,0
0,0,0,0,0,0
0,0,0,0,0,0
0,0,0,0,0,0
0,0,0,0,0,0
0,0,0,0,0,0
0,0,0,0,0,0
0,0,0,0,0,0
0,0,0,0,0,0
0,0,0,0,0,0
0,0,0,0,0,0
0,0,0,0,0,0
0,0,0,0,0,0
0,0,0,0,0,0
0,0,0,0,0,0
0,0,0,0,0,0
0,0,0,0,0,0
0,0,0,0,0,0
0,0,0,0,0,0
0,0,0,0,0,0
0,0,0,0,0,0
0,0,0,0,0,0
0,0,0,0,0,0
0,0,0,0,0,0
0,0,0,0,0,0
0,0,0,0,0,0
0,0,0,0,0,0
0,0,0,0,0,0
0,0,0,0,0,0
0,0,0,0,0,0
0,0,0,0,0,0
0,0,0,0,0,0
0,0,0,0,0,0
0,0,0,0,0,0
0,0,0,0,0,0
0,0,0,0,0,0
0,0,0,0,0,0
0,0,0,0,0,0
0,0,0,0,0,0
0,0,0,0,0,0
0,0,0,0,0,0
0,0,0,0,0,0
0,0,0,0,0,0
0,0,0,0,0,0
0,0,0,0,0,0
0,0,0,0,0,0
0,0,0,0,0,0
0,0,0,0,0,0
0,0,0,0,0,0
0,0,0,0,0,0
0,0,0,0,0,0
0,0,0,0,0,0
0,0,0,0,0,0
0,0,0,0,0,0
0,0,0,0,0,0
0,0,0,0,0,0
0,0,0,0,0,0
0,0,0,0,0,0
0,0,0,0,0,0
0,0,0,0,0,0
0,0,0,0,0,0
0,0,0,0,0,0
0,0,0,0,0,0
0,0,0,0,0,0
0,0,0,0,0,0
0,0,0,0,0,0
0,0,0,0,0,0
0,0,0,0,0,0
0,0,0,0,0,0
0,0,0,0,0,0
0,0,0,0,0,0
0,0,0,0,0,0
0,0,0,0,0,0
0,0,0,0,0,0
0,0,0,0,0,0
0,0,0,0,0,0
0,0,0,0,0,0
0,0,0,0,0,0
0,0,0,0,0,0
0,0,0,0,0,0
0,0,0,0,0,0
0,0,0,0,0,0
0,0,0,0,0,0
0,0,0,0,0,0
0,0,0,0,0,0
0,0,0,0,0,0
0,0,0,0,0,0
0,0,0,0,0,0
0,0,0,0,0,0
0,0,0,0,0,0
0,0,0,0,0,0
0,0,0,0,0,0
0,0,0,0,0,0
0,0,0,0,0,0
0,0,0,0,0,0
0,0,0,0,0,0
0,0,0,0,0,0
0,0,0,0,0,0
0,0,0,0,0,0
0,0,0,0,0,0
0,0,0,0,0,0
0,0,0,0,0,0
0,0,0,0,0,0
0,0,0,0,0,0
0,0,0,0,0,0
0,0,0,0,0,0
0,0,0,0,0,0
0,0,0,0,0,0
0,0,0,0,0,0
0,0,0,0,0,0
0,0,0,0,0,0
0,0,0,0,0,0
0,0,0,0,0,0
0,0,0,0,0,0
0,0,0,0,0,0
0,0,0,0,0,0
0,0,0,0,0,0
0,0,0,0,0,0
0,0,0,0,0,0
0,0,0,0,0,0
0,0,0,0,0,0
0,0,0,0,0,0
0,0,0,0,0,0
0,0,0,0,0,0
0,0,0,0,0,0
0,0,0,0,0,0
0,0,0,0,0,0
0,0,0,0,0,0
0,0,0,0,0,0
0,0,0,0,0,0
0,0,0,0,0,0
0,0,0,0,0,0
0,0,0,0,0,0
0,0,0,0,0,0
0,0,0,0,0,0
0,0,0,0,0,0
0,0,0,0,0,0
0,0,0,0,0,0
0,0,0,0,0,0
0,0,0,0,0,0
0,0,0,0,0,0
0,0,0,0,0,0
0,0,0,0,0,0
0,0,0,0,0,0
0,0,0,0,0,0
0,0,0,0,0,0
0,0,0,0,0,0
0,0,0,0,0,0
0,0,0,0,0,0
0,0,0,0,0,0
0,0,0,0,0,0
0,0,0,0,0,0
0,0,0,0,0,0
0,0,0,0,0,0
0,0,0,0,0,0
0,0,0,0,0,0
0,0,0,0,0,0
0,0,0,0,0,0
0,0,0,0,0,0
0,0,0,0,0,0
0,0,0,0,0,0
0,0,0,0,0,0
0,0,0,0,0,0
0,0,0,0,0,0
0,0,0,0,0,0
0,0,0,0,0,0
0,0,0,0,0,0
0,0,0,0,0,0
0,0,0,0,0,0
0,0,0,0,0,0
0,0,0,0,0,0
0,0,0,0,0,0
0,0,0,0,0,0
0,0,0,0,0,0
0,0,0,0,0,0
0,0,0,0,0,0
0,0,0,0,0,0
0,0,0,0,0,0
0,0,0,0,0,0
0,0,0,0,0,0
0,0,0,0,0,0
0,0,0,0,0,0
0,0,0,0,0,0
0,0,0,0,0,0
0,0,0,0,0,0
0,0,0,0,0,0
0,0,0,0,0,0
0,0,0,0,0,0
0,0,0,0,0,0
0,0,0,0,0,0
0,0,0,0,0,0
0,0,0,0,0,0
0,0,0,0,0,0
0,0,0,0,0,0
0,0,0,0,0,0
0,0,0,0,0,0
0,0,0,0,0,0
0,0,0,0,0,0
0,0,0,0,0,0
0,0,0,0,0,0
0,0,0,0,0,0
0,0,0,0,0,0
0,0,0,0,0,0
0,0,0,0,0,0
0,0,0,0,0,0
0,0,0,0,0,0
0,0,0,0,0,0
0,0,0,0,0,0
0,0,0,0,0,0
0,0,0,0,0,0
0,0,0,0,0,0
0,0,0,0,0,0
0,0,0,0,0,0
0,0,0,0,0,0
0,0,0,0,0,0
0,0,0,0,0,0
0,0,0,0,0,0
0,0,0,0,0,0
0,0,0,0,0,0
0,0,0,0,0,0
0,0,0,0,0,0
0,0,0,0,0,0
0,0,0,0,0,0
0,0,0,0,0,0
0,0,0,0,0,0
0,0,0,0,0,0
0,0,0,0,0,0
0,0,0,0,0,0
0,0,0,0,0,0
0,0,0,0,0,0
0,0,0,0,0,0
0,0,0,0,0,0
0,0,0,0,0,0
0,0,0,0,0,0
0,0,0,0,0,0
0,0,0,0,0,0
0,0,0,0,0,0
0,0,0,0,0,0
0,0,0,0,0,0
0,0,0,0,0,0
0,0,0,0,0,0
0,0,0,0,0,0
0,0,0,0,0,0
0,0,0,0,0,0
0,0,0,0,0,0
0,0,0,0,0,0
0,0,0,0,0,0
0,0,0,0,0,0
0,0,0,0,0,0
0,0,0,0,0,0
0,0,0,0,0,0
0,0,0,0,0,0
0,0,0,0,0,0
0,0,0,0,0,0
0,0,0,0,0,0
0,0,0,0,0,0
0,0,0,0,0,0
0,0,0,0,0,0
0,0,0,0,0,0
0,0,0,0,0,0
0,0,0,0,0,0
0,0,0,0,0,0
0,0,0,0,0,0
0,0,0,0,0,0
0,0,0,0,0,0
0,0,0,0,0,0
0,0,0,0,0,0
0,0,0,0,0,0
0,0,0,0,0,0
0,0,0,0,0,0
0,0,0,0,0,0
0,0,0,0,0,0
0,0,0,0,0,0
0,0,0,0,0,0
0,0,0,0,0,0
0,0,0,0,0,0
0,0,0,0,0,0
0,0,0,0,0,0
0,0,0,0,0,0
0,0,0,0,0,0
0,0,0,0,0,0
0,0,0,0,0,0
0,0,0,0,0,0
0,0,0,0,0,0
0,0,0,0,0,0
0,0,0,0,0,0
0,0,0,0,0,0
0,0,0,0,0,0
0,0,0,0,0,0
0,0,0,0,0,0
0,0,0,0,0,0
0,0,0,0,0,0
0,0,0,0,0,0
0,0,0,0,0,0
0,0,0,0,0,0
0,0,0,0,0,0
0,0,0,0,0,0
0,0,0,0,0,0
0,0,0,0,0,0
0,0,0,0,0,0
0,0,0,0,0,0
0,0,0,0,0,0
0,0,0,0,0,0
0,0,0,0,0,0
0,0,0,0,0,0
0,0,0,0,0,0
0,0,0,0,0,0
0,0,0,0,0,0
0,0,0,0,0,0
0,0,0,0,0,0
0,0,0,0,0,0
0,0,0,0,0,0
0,0,0,0,0,0
0,0,0,0,0,0
0,0,0,0,0,0
0,0,0,0,0,0
0,0,0,0,0,0
0,0,0,0,0,0
0,0,0,0,0,0
0,0,0,0,0,0
0,0,0,0,0,0
0,0,0,0,0,0
0,0,0,0,0,0
0,0,0,0,0,0
0,0,0,0,0,0
0,0,0,0,0,0
0,0,0,0,0,0
0,0,0,0,0,0
0,0,0,0,0,0
0,0,0,0,0,0
0,0,0,0,0,0
0,0,0,0,0,0
0,0,0,0,0,0
0,0,0,0,0,0
0,0,0,0,0,0
0,0,0,0,0,0
0,0,0,0,0,0
0,0,0,0,0,0
0,0,0,0,0,0
0,0,0,0,0,0
0,0,0,0,0,0
0,0,0,0,0,0
0,0,0,0,0,0
0,0,0,0,0,0
0,0,0,0,0,0
0,0,0,0,0,0
0,0,0,0,0,0
0,0,0,0,0,0
0,0,0,0,0,0
0,0,0,0,0,0
0,0,0,0,0,0
0,0,0,0,0,0
0,0,0,0,0,0
0,0,0,0,0,0
0,0,0,0,0,0
0,0,0,0,0,0
0,0,0,0,0,0
0,0,0,0,0,0
0,0,0,0,0,0
0,0,0,0,0,0
0,0,0,0,0,0
0,0,0,0,0,0
0,0,0,0,0,0
0,0,0,0,0,0
0,0,0,0,0,0
0,0,0,0,0,0
0,0,0,0,0,0
0,0,0,0,0,0
0,0,0,0,0,0
0,0,0,0,0,0
0,0,0,0,0,0
0,0,0,0,0,0
0,0,0,0,0,0
0,0,0,0,0,0
0,0,0,0,0,0
0,0,0,0,0,0
0,0,0,0,0,0
0,0,0,0,0,0
0,0,0,0,0,0
0,0,0,0,0,0
0,0,0,0,0,0
0,0,0,0,0,0
0,0,0,0,0,0
0,0,0,0,0,0
0,0,0,0,0,0
0,0,0,0,0,0
0,0,0,0,0,0
0,0,0,0,0,0
0,0,0,0,0,0
0,0,0,0,0,0
0,0,0,0,0,0
0,0,0,0,0,0
0,0,0,0,0,0
0,0,0,0,0,0
0,0,0,0,0,0
0,0,0,0,0,0
0,0,0,0,0,0
0,0,0,0,0,0
0,0,0,0,0,0
0,0,0,0,0,0
0,0,0,0,0,0
0,0,0,0,0,0
0,0,0,0,0,0
0,0,0,0,0,0
0,0,0,0,0,0
0,0,0,0,0,0
0,0,0,0,0,0
0,0,0,0,0,0
0,0,0,0,0,0
0,0,0,0,0,0
0,0,0,0,0,0
0,0,0,0,0,0
0,0,0,0,0,0
0,0,0,0,0,0
0,0,0,0,0,0
0,0,0,0,0,0
0,0,0,0,0,0
0,0,0,0,0,0
0,0,0,0,0,0
0,0,0,0,0,0
0,0,0,0,0,0
0,0,0,0,0,0
0,0,0,0,0,0
0,0,0,0,0,0
0,0,0,0,0,0
0,0,0,0,0,0
0,0,0,0,0,0
0,0,0,0,0,0
0,0,0,0,0,0
0,0,0,0,0,0
0,0,0,0,0,0
0,0,0,0,0,0
0,0,0,0,0,0
0,0,0,0,0,0
0,0,0,0,0,0
0,0,0,0,0,0
0,0,0,0,0,0
0,0,0,0,0,0
0,0,0,0,0,0
0,0,0,0,0,0
0,0,0,0,0,0
0,0,0,0,0,0
0,0,0,0,0,0
0,0,0,0,0,0
0,0,0,0,0,0
0,0,0,0,0,0
0,0,0,0,0,0
0,0,0,0,0,0
0,0,0,0,0,0
0,0,0,0,0,0
0,0,0,0,0,0
0,0,0,0,0,0
0,0,0,0,0,0
0,0,0,0,0,0
0,0,0,0,0,0
0,0,0,0,0,0
0,0,0,0,0,0
0,0,0,0,0,0
0,0,0,0,0,0
0,0,0,0,0,0
0,0,0,0,0,0
0,0,0,0,0,0
0,0,0,0,0,0
0,0,0,0,0,0
0,0,0,0,0,0
0,0,0,0,0,0
0,0,0,0,0,0
0,0,0,0,0,0
0,0,0,0,0,0
0,0,0,0,0,0
0,0,0,0,0,0
0,0,0,0,0,0
0,0,0,0,0,0
0,0,0,0,0,0
0,0,0,0,0,0
0,0,0,0,0,0
0,0,0,0,0,0
0,0,0,0,0,0
0,0,0,0,0,0
0,0,0,0,0,0
0,0,0,0,0,0
0,0,0,0,0,0
0,0,0,0,0,0
0,0,0,0,0,0
0,0,0,0,0,0
0,0,0,0,0,0
0,0,0,0,0,0
0,0,0,0,0,0
0,0,0,0,0,0
0,0,0,0,0,0
0,0,0,0,0,0
0,0,0,0,0,0
0,0,0,0,0,0
0,0,0,0,0,0
0,0,0,0,0,0
0,0,0,0,0,0
0,0,0,0,0,0
0,0,0,0,0,0
0,0,0,0,0,0
0,0,0,0,0,0
0,0,0,0,0,0
0,0,0,0,0,0
0,0,0,0,0,0
0,0,0,0,0,0
0,0,0,0,0,0
0,0,0,0,0,0
0,0,0,0,0,0
0,0,0,0,0,0
0,0,0,0,0,0
0,0,0,0,0,0
0,0,0,0,0,0
0,0,0,0,0,0
0,0,0,0,0,0
0,0,0,0,0,0
0,0,0,0,0,0
0,0,0,0,0,0
0,0,0,0,0,0
0,0,0,0,0,0
0,0,0,0,0,0
0,0,0,0,0,0
0,0,0,0,0,0
0,0,0,0,0,0
0,0,0,0,0,0
0,0,0,0,0,0
0,0,0,0,0,0
0,0,0,0,0,0
0,0,0,0,0,0
0,0,0,0,0,0
0,0,0,0,0,0
0,0,0,0,0,0
0,0,0,0,0,0
0,0,0,0,0,0
0,0,0,0,0,0
0,0,0,0,0,0
0,0,0,0,0,0
0,0,0,0,0,0
0,0,0,0,0,0
0,0,0,0,0,0
0,0,0,0,0,0
0,0,0,0,0,0
0,0,0,0,0,0
0,0,0,0,0,0
0,0,0,0,0,0
0,0,0,0,0,0
0,0,0,0,0,0
0,0,0,0,0,0
0,0,0,0,0,0
0,0,0,0,0,0
0,0,0,0,0,0
0,0,0,0,0,0
0,0,0,0,0,0
0,0,0,0,0,0
0,0,0,0,0,0
0,0,0,0,0,0
0,0,0,0,0,0
0,0,0,0,0,0
0,0,0,0,0,0
0,0,0,0,0,0
0,0,0,0,0,0
0,0,0,0,0,0
0,0,0,0,0,0
0,0,0,0,0,0
0,0,0,0,0,0
0,0,0,0,0,0
0,0,0,0,0,0
0,0,0,0,0,0
0,0,0,0,0,0
0,0,0,0,0,0
0,0,0,0,0,0
0,0,0,0,0,0
0,0,0,0,0,0
0,0,0,0,0,0
0,0,0,0,0,0
0,0,0,0,0,0
0,0,0,0,0,0
0,0,0,0,0,0
0,0,0,0,0,0
0,0,0,0,0,0
0,0,0,0,0,0
0,0,0,0,0,0
0,0,0,0,0,0
0,0,0,0,0,0
0,0,0,0,0,0
0,0,0,0,0,0
0,0,0,0,0,0
0,0,0,0,0,0
0,0,0,0,0,0
0,0,0,0,0,0
0,0,0,0,0,0
0,0,0,0,0,0
0,0,0,0,0,0
0,0,0,0,0,0
0,0,0,0,0,0
0,0,0,0,0,0
0,0,0,0,0,0
0,0,0,0,0,0
0,0,0,0,0,0
0,0,0,0,0,0
0,0,0,0,0,0
0,0,0,0,0,0
0,0,0,0,0,0
0,0,0,0,0,0
0,0,0,0,0,0
0,0,0,0,0,0
0,0,0,0,0,0
0,0,0,0,0,0
0,0,0,0,0,0
0,0,0,0,0,0
0,0,0,0,0,0
0,0,0,0,0,0
0,0,0,0,0,0
0,0,0,0,0,0
0,0,0,0,0,0
0,0,0,0,0,0
0,0,0,0,0,0
0,0,0,0,0,0
0,0,0,0,0,0
0,0,0,0,0,0
0,0,0,0,0,0
0,0,0,0,0,0
0,0,0,0,0,0
0,0,0,0,0,0
0,0,0,0,0,0
0,0,0,0,0,0
0,0,0,0,0,0
0,0,0,0,0,0
0,0,0,0,0,0
0,0,0,0,0,0
0,0,0,0,0,0
0,0,0,0,0,0
0,0,0,0,0,0
0,0,0,0,0,0
0,0,0,0,0,0
0,0,0,0,0,0
0,0,0,0,0,0
0,0,0,0,0,0
0,0,0,0,0,0
0,0,0,0,0,0
0,0,0,0,0,0
0,0,0,0,0,0
0,0,0,0,0,0
0,0,0,0,0,0
0,0,0,0,0,0
0,0,0,0,0,0
0,0,0,0,0,0
0,0,0,0,0,0
0,0,0,0,0,0
0,0,0,0,0,0
0,0,0,0,0,0
0,0,0,0,0,0
0,0,0,0,0,0
0,0,0,0,0,0
0,0,0,0,0,0
0,0,0,0,0,0
0,0,0,0,0,0
0,0,0,0,0,0
0,0,0,0,0,0
0,0,0,0,0,0
0,0,0,0,0,0
0,0,0,0,0,0
0,0,0,0,0,0
0,0,0,0,0,0
0,0,0,0,0,0
0,0,0,0,0,0
0,0,0,0,0,0
0,0,0,0,0,0
0,0,0,0,0,0
0,0,0,0,0,0
0,0,0,0,0,0
0,0,0,0,0,0
0,0,0,0,0,0
0,0,0,0,0,0
0,0,0,0,0,0
0,0,0,0,0,0
0,0,0,0,0,0
0,0,0,0,0,0
0,0,0,0,0,0
0,0,0,0,0,0
0,0,0,0,0,0
0,0,0,0,0,0
0,0,0,0,0,0
0,0,0,0,0,0
0,0,0,0,0,0
0,0,0,0,0,0
0,0,0,0,0,0
0,0,0,0,0,0
0,0,0,0,0,0
0,0,0,0,0,0
0,0,0,0,0,0
0,0,0,0,0,0
0,0,0,0,0,0
0,0,0,0,0,0
0,0,0,0,0,0
0,0,0,0,0,0
0,0,0,0,0,0
0,0,0,0,0,0
0,0,0,0,0,0
0,0,0,0,0,0
0,0,0,0,0,0
0,0,0,0,0,0
0,0,0,0,0,0
0,0,0,0,0,0
0,0,0,0,0,0
0,0,0,0,0,0
0,0,0,0,0,0
0,0,0,0,0,0
0,0,0,0,0,0
0,0,0,0,0,0
0,0,0,0,0,0
0,0,0,0,0,0
0,0,0,0,0,0
0,0,0,0,0,0
0,0,0,0,0,0
0,0,0,0,0,0
0,0,0,0,0,0
0,0,0,0,0,0
0,0,0,0,0,0
0,0,0,0,0,0
0,0,0,0,0,0
0,0,0,0,0,0
0,0,0,0,0,0
0,0,0,0,0,0
0,0,0,0,0,0
0,0,0,0,0,0
0,0,0,0,0,0
0,0,0,0,0,0
0,0,0,0,0,0
0,0,0,0,0,0
0,0,0,0,0,0
0,0,0,0,0,0
0,0,0,0,0,0
0,0,0,0,0,0
0,0,0,0,0,0
0,0,0,0,0,0
0,0,0,0,0,0
0,0,0,0,0,0
0,0,0,0,0,0
0,0,0,0,0,0
0,0,0,0,0,0
0,0,0,0,0,0
0,0,0,0,0,0
0,0,0,0,0,0
0,0,0,0,0,0
0,0,0,0,0,0
0,0,0,0,0,0
0,0,0,0,0,0
0,0,0,0,0,0
0,0,0,0,0,0
0,0,0,0,0,0
0,0,0,0,0,0
0,0,0,0,0,0
0,0,0,0,0,0
0,0,0,0,0,0
0,0,0,0,0,0
0,0,0,0,0,0
0,0,0,0,0,0
0,0,0,0,0,0
0,0,0,0,0,0
0,0,0,0,0,0
0,0,0,0,0,0
0,0,0,0,0,0
0,0,0,0,0,0
0,0,0,0,0,0
0,0,0,0,0,0
0,0,0,0,0,0
0,0,0,0,0,0
0,0,0,0,0,0
0,0,0,0,0,0
0,0,0,0,0,0
0,0,0,0,0,0
0,0,0,0,0,0
0,0,0,0,0,0
0,0,0,0,0,0
0,0,0,0,0,0
0,0,0,0,0,0
0,0,0,0,0,0
0,0,0,0,0,0
0,0,0,0,0,0
0,0,0,0,0,0
0,0,0,0,0,0
0,0,0,0,0,0
0,0,0,0,0,0
0,0,0,0,0,0
0,0,0,0,0,0
0,0,0,0,0,0
0,0,0,0,0,0
0,0,0,0,0,0
0,0,0,0,0,0
0,0,0,0,0,0
0,0,0,0,0,0
0,0,0,0,0,0
0,0,0,0,0,0
0,0,0,0,0,0
0,0,0,0,0,0
0,0,0,0,0,0
0,0,0,0,0,0
0,0,0,0,0,0
0,0,0,0,0,0
0,0,0,0,0,0
0,0,0,0,0,0
0,0,0,0,0,0
0,0,0,0,0,0
0,0,0,0,0,0
0,0,0,0,0,0
0,0,0,0,0,0
0,0,0,0,0,0
0,0,0,0,0,0
0,0,0,0,0,0
0,0,0,0,0,0
0,0,0,0,0,0
0,0,0,0,0,0
0,0,0,0,0,0
0,0,0,0,0,0
0,0,0,0,0,0
0,0,0,0,0,0
0,0,0,0,0,0
0,0,0,0,0,0
0,0,0,0,0,0
0,0,0,0,0,0
0,0,0,0,0,0
0,0,0,0,0,0
0,0,0,0,0,0
0,0,0,0,0,0
0,0,0,0,0,0
0,0,0,0,0,0
0,0,0,0,0,0
0,0,0,0,0,0
0,0,0,0,0,0
0,0,0,0,0,0
0,0,0,0,0,0
0,0,0,0,0,0
0,0,0,0,0,0
0,0,0,0,0,0
0,0,0,0,0,0
0,0,0,0,0,0
0,0,0,0,0,0
0,0,0,0,0,0
0,0,0,0,0,0
0,0,0,0,0,0
0,0,0,0,0,0
0,0,0,0,0,0
0,0,0,0,0,0
0,0,0,0,0,0
0,0,0,0,0,0
0,0,0,0,0,0
0,0,0,0,0,0
0,0,0,0,0,0
0,0,0,0,0,0
0,0,0,0,0,0
0,0,0,0,0,0
0,0,0,0,0,0
0,0,0,0,0,0
0,0,0,0,0,0
0,0,0,0,0,0
0,0,0,0,0,0
0,0,0,0,0,0
0,0,0,0,0,0
0,0,0,0,0,0
0,0,0,0,0,0
0,0,0,0,0,0
0,0,0,0,0,0
0,0,0,0,0,0
0,0,0,0,0,0
0,0,0,0,0,0
0,0,0,0,0,0
0,0,0,0,0,0
0,0,0,0,0,0
0,0,0,0,0,0
0,0,0,0,0,0
0,0,0,0,0,0
0,0,0,0,0,0
0,0,0,0,0,0
0,0,0,0,0,0
0,0,0,0,0,0
0,0,0,0,0,0
0,0,0,0,0,0
0,0,0,0,0,0
0,0,0,0,0,0
0,0,0,0,0,0
0,0,0,0,0,0
0,0,0,0,0,0
0,0,0,0,0,0
0,0,0,0,0,0
0,0,0,0,0,0
0,0,0,0,0,0
0,0,0,0,0,0
0,0,0,0,0,0
0,0,0,0,0,0
0,0,0,0,0,0
0,0,0,0,0,0
0,0,0,0,0,0
0,0,0,0,0,0
0,0,0,0,0,0
0,0,0,0,0,0
0,0,0,0,0,0
0,0,0,0,0,0
0,0,0,0,0,0
0,0,0,0,0,0
0,0,0,0,0,0
0,0,0,0,0,0
0,0,0,0,0,0
0,0,0,0,0,0
0,0,0,0,0,0
0,0,0,0,0,0
0,0,0,0,0,0
0,0,0,0,0,0
0,0,0,0,0,0
0,0,0,0,0,0
0,0,0,0,0,0
0,0,0,0,0,0
0,0,0,0,0,0
0,0,0,0,0,0
0,0,0,0,0,0
0,0,0,0,0,0
0,0,0,0,0,0
0,0,0,0,0,0
